EURING,VOGELNAAM,_1,_2,_3,_4,_5,_6,_7,_8,_9,_10,_11,_12,_13,_14,_15,_16,_17,_18,_19,_20,_21,_22,_23,_24,_25,_26,_27,_28,_29,_30,_31,_32,_33,_34,_35,_36,_37,_38,_39,_40,_41,_42,_43,_44,_45,_46,_47,_48,_49,_50,_51,_52,_53,_54,_55,_56,_57,_58,_59,_60,_61,_62,_63,_64,_65,_66,_67,_68,_69,_70,_71,_72,_73,_74,_75,_76,_77,_78,_79,_80,_81,_82,_83,_84,_85,_86
   90,Fuut,1,1,,2,,1,,1,,4,2,5,,,o,2,1,3,x,,1,1,1,3,1,3,3,2,3,1,1,3,1,1,3,-,-,-,*,*,II,   5000,   7500,  7000, 10000,SDe,WDo, 12,1234,*,762,d1e,3,7,27, 3, 4, 6,1,1,2,1,-,-, 75,*,-,10,-,6, 1110,1011,198,184,,,,,,,,,,,,2
  100,Roodhalsfuut,2,1,,2,,1,,1,,3,2,5,,,,2,2,3,x,,1,1,1,3,2,3,3,2,3,1,1,3,1,1,3,-,-,-,-,-,II,      0,      0,     0,     1,Z,WDo,  1,1234,i,3,d1,4,6,24, 2, 4, 7,1,1,2,1,-,-, 72,*,2,-,-,6,  834, 783,175,169,,,,,,,,,,,,3
  120,Geoorde Fuut,1,1,,2,,1,,1,2,,2,5,,,,2,2,3,x,,1,1,1,3,1,3,3,2,3,1,1,3,1,1,2,*,-,-,-,-,II,     30,     70,    30,   225,Z,WDo,  2,1234,*,56,d1,4,7,21, 2, 4, 8,1,1,2,1,-,-, 21,*,2,-,-,6,  358, 284,134,130,,,,,,,,,,,,4
  720,Aalscholver,1,8,,7,3,1,,1,,,3,5,,x,x,6,4,6,x,,1,1,1,3,2,3,3,2,3,1,1,5,1,1,3,-,-,-,-,*,III,   3000,   3000,  3040, 10300,SDe,WDo,  2,1234,*,32,d1,3,9,29, 3, 4, 6,1,1,1,4,-,*, 50,-,4,20,88,12, 2423,2085,357,339,,,,,,,,,,,,5
  950,Roerdomp,1,2,,3,,2,1;3,3,1,,2,4,,,,3,2,4,x,,2,1,2,3,2,3,3,2,3,1,1,2,1,1,2,*,-,tz,-,-,III,    500,    700,   200,   700,S,WDo,  2,1234,*,345,d1,3,8,26, 3, 4, 7,1,1,1,1,-,-, 52,-,1,11,-,0, 1453,1009,346,311,,,,,,,,,,,,6
  980,Woudaapje,1,2,,?,,2,3?,1,2,,2,4,,x,,2,2,3,x,,2,1,2,3,2,3,3,2,3,1,1,2,1,1,2,*,-,tz,-,-,III,    100,    135,    35,    75,Z,Do,  3,134,*,105,d1,5,7,17, 4, 5, 9,1,1,2,1,-,-, 27,-,1,5,-,0,  149, 146,151,147,,,,,,,,,,,,7
 1040,Kwak,2,8,7,7,5b,1,3,1,3,,2,4,,x,x,5,4,6,1,,2,1,2,3,3,3,3,3,3,1,1,2,2,1,3,*,-,tz,-,-,III,     12,     15,    16,    24,Z,Do,  3,134,*,44,d1,4,7,25, 3, 4, 5,1,1,2,3,-,*, 45,-,1,21,77,10,  700, 608,283,278,,,,,,,,,,,,8
 1190,Kleine Zilverreiger,1,8,7,5,7,1,2;3,1,3,,4,5,,x,x,5,4,6,x,,2,1,2,3,3,3,3,3,3,1,1,5,1,1,2,-,-,-,-,-,III,      0,      0,     0,     1,Z,Do, 23,134,i,5,d1,4,6,23, 3, 4, 6,1,1,1,3,-,*, 42,-,1,9,-,0,  532, 523,280,272,,,,,,,,,,,,9
 1210,Grote Zilverreiger,1,2,,3,,1,2;3,1,3,,4,5,,x,x,5,5,6,x,,2,1,2,3,3,3,3,3,3,1,1,3,1,1,2,-,-,-,-,-,III,      0,      0,     0,     1,Z,Do,  2,134,i,3,d1,4,6,25, 3, 4, 6,1,1,1,2,-,*, 42,-,2,23,75,0, 1280,1280,438,429,,,,,,,,,,,,10
 1220,Blauwe Reiger,1,8,,7,5b?,1,2;3;5,1,3,4,3,5,,x,x,5,5,6,x,,2,1,3,3,2,3,3,2,3,1,1,3,1,1,3,-,-,-,-,*,III,   8700,  11000,  8000,  9000,SDe,WDo,123,1234,*,565,b1b2,2,6,26, 2, 4, 7,1,1,1,4,-,*, 50,-,2,25,70,11, 1505,1361,465,457,,,,,,,,,,,,11
 1240,Purperreiger,1,2,,3,5b,3,1;2;5,3?,2?,4,3,5,,x,x,5,5,6,x,,2,1,2,3,2,3,3,3,3,1,1,2,1,1,2,*,*,itz,-,-,III,    900,    900,   280,   700,Z,Do,  3,134,*,88,d1,4,7,26, 3, 4, 6,1,1,1,4,-,*, 47,-,1,25,-,11,  918, 830,371,355,,,,,,,,,,,,12
 1310,Zwarte Ooievaar,3,8,?,7,?,3?,1;5;8,3,1?,,1,4,,x,o,5,4,5,x,,2,1,3,3,2,3,3,2,3,1,1,2,1,1,3,-,-,-,-,-,III,      -,      -,     -,     -,-,Do,-,1234,-,-,b1b2b3,4,6,32, 3, 4, 5,1,1,1,4,-,-, 67,-,3,18,-,11, 3000,3000,560,560,,,,,,,,,,,,13
 1340,Ooievaar,1,9,8,7,10,3,1;5,3,1;5,,3,5,,x,o,5,4,5,x,,2,1,3,3,2,3,3,2,3,1,1,2,1,1,3,*,-,tz,-,-,III,      5,      9,     4,     9,Z,WDo,  3,134,*,50,c2d1e,3,6,32, 1, 4, 7,1,1,1,4,-,-, 61,-,4,26,79,11, 3500,3613,580,560,,,,,,,,,,,,14
 1440,Lepelaar,1,2,3;4,3,,1,,1,,,4,5,,x,x,5,5,6,x,,1,1,1,3,3,3,3,3,3,x,1,5,1,1,2,*,*,iz,-,*,III,    184,    241,   230,   320,Z,Do, 23,134,*,23,d1,4,7,24, 3, 4, 6,1,1,1,2,-,*, 47,-,3,28,-,18, 1580, 963,394,370,,,,,,,,,,,,15
 1470,Flamingo,3,1,,3,,1,,2,1,4,4,5,,?,x,5,5,6,x,,1,1,1,3,3,3,3,3,3,4,1,5,1,1,1,-,-,-,-,-,III,      -,      -,     -,     -,-,WDo,-,4,-,-,d2,4,7,30, 1, 1, 2,1,1,1,1,-,*, 72,-,-,6,-,30, 3540,2530,412,390,,,,,,,,,,,,16
 1520,Knobbelzwaan,1,1,,2,,1,5,3,1;2,4,4,5,,,,3,2,5,x,,2,1,3,3,2,3,3,2,3,1,1,3,1,1,3,-,-,-,*,*,IV,   2500,   2500,  3000,  4000,S,WDo,  2,1234,*,856,d1,4,6,36, 4, 6,12,1,1,1,1,-,-,135,*,3,20,90,12,11200,8150,606,562,,,,,,,,,,,,17
 1610,Grauwe Gans,1,1,2,2?,3?,1,3;5,3,1;2?,3,4,5,,,,3,2,5,x,,2,1,3,3,2,3,3,3,3,1,1,2,1,1,3,-,*,-,-,*,IV,    100,    150,   200,   300,SDe,WDo,  2,1234,*,71,d1,3,6,28, 3, 5, 8,1,1,1,1,-,*, 55,*,3,17,77,0, 3775,2675,497,447,,,,,,,,,,,,18
 1660,Grote Canadese Gans,1,1,2,2,,1,5,3,1;2?,4,2,5,,,,3,2,5,x,,1,1,3,3,1,3,3,2,3,1,1,4?,1,1,3,-,-,-,-,-,IV,      2,      5,     5,    15,SDe,WDo,  1,12,*,8,d1,4,6,29, 2, 5,11,1,1,1,1,-,*, 44,*,3,24,78,0, 4880,4390,500,500,,,,,,,,,,,,19
 1670,Brandgans,1,1,?,,,5,,,,4,,5,,,,,,,,,,,,,,,,,,,,,,,,-,*,-,-,-,IV,      -,      -,     -,     -,-,WDo,-,123,-,-,d1a5,5,7,25, 3, 4, 6,1,1,1,1,-,*, 42,*,3,23,91,0, 1672,1499,410,392,,,,,,,,,,,,20
 1700,Nijlgans,1,1,5,11,3;6;7,1,3;5,3,2,4,3,4,,,,3,2,4,x,,2,1,3,3,1,3,3,2,3,1,1,2,1,1,3,-,-,-,-,-,IV,     30,     50,    85,   125,S,WDo,  1,1,*,25,b2a5,3,4,29, 5, 6,10,1,1,1,4,*,-, 72,*,1,6,-,12, 2200,1750,392,371,,,,,,,,,,,,21
 1730,Bergeend,1,1,3;4,11,3;6;7,1,3;5,3,2,4,3,5,,,,3,2,4,x,,2,1,3,3,1,3,3,2,3,1,1,2,1,1,3,-,-,-,*,*,I,   3500,   4500,  6000,  9000,SDe,WDo, 12,1234,*,680,d1a2b2,4,7,29, 8,11,15,1,1,1,1,*,-, 47,*,2,16,80,12, 1125,1000,334,303,,,,,,,,,,,,22
 1780,Mandarijneend,1,1,,6,11?,1,,2,1?;3?,2,2,4,,,,2,2,3,x,,1,1,2,3,1?,3,3,2?,3,1,1,2?,1,1,3?,-,-,-,-,-,II,      3,      8,     -,     -,S,-,  1,1,i,7,b2,4,5,29, 9,10,12,1,1,1,4,*,-, 42,*,1,-,-,3,  628, 512,235,226,,,,,,,,,,,,23
 1790,Smient,2,1,,3,2?,1,5,3,2,3,2,5,,x?,,,,,,,,,,,,,,,,,,,,,,-,*,-,-,*,II,      0,      1,     0,    10,Z,WDo, 12,1234,*,74,d1a1,5,6,23, 6, 8,11,1,1,1,1,-,-, 42,*,1,18,53,3,  745, 655,267,250,,,,,,,,,,,,24
 1820,Krakeend,1,1,,3,2?,1,5,2,1;3?,4?,2,5?,,x?,,2,2,3,x,,1,1,2,3,2?,3,3,2,3,1,1,2?,1,1,2,-,-,-,*,*,II,    550,    800,  1600,  2400,SDe,WDo, 12,1234,*,290,d1,4,6,26, 7,10,16,1,1,1,1,-,-, 47,*,1,13,-,2,  885, 735,269,252,,,,,,,,,,,,25
 1840,Wintertaling,1,1,3,3,2,1,,2,1;3,4,1,5,,,,2,2,3,x,,1,1,4,2,1,3,2,1,3,1,1,3?,1,1,3?,-,-,-,*,*,II,   2300,   3500,  3500,  5000,SDe,WDo, 12,1234,*,905,d1a1a2,3,6,23, 5, 9,16,1,1,1,1,-,-, 27,*,1,16,61,3,  332, 318,187,180,,,,,,,,,,,,26
 1860,Wilde Eend,1,1,2;3;5;8,3,,5,1,2,1;3,4,1,5,,x,,2,2,3,x,,1,1,4,x?,1,3,3,1?,3,1,1,3?,1,1,3?,-,-,-,*,*,II, 250000, 400000,200000,400000,SDe,WDo, 12,1234,*,1629,d1b2e,2,9,28, 7,11,16,1,1,2,4,-,-, 55,*,1,29,52,3, 1142,1096,283,264,,,,,,,,,,,,27
 1890,Pijlstaart,1,1,,3,2?,1,5,2,1;3,5,2,5,,x?,,2,2,3,x,,1,1,3,3,2,3,3,2,3,1,1,5?,1,1,3?,-,-,tz,-,*,II,     45,     75,    50,   150,SDe,WDo, 12,1234,*,130,d1c1a2a1,4,7,25, 6, 8,12,1,1,1,1,-,-, 42,*,1,27,52,3,  950, 725,275,260,,,,,,,,,,,,28
 1910,Zomertaling,1,1,3;5,2,3,1,,2,1;3,5,2,5,,,,2,2,3,x,,1,1,2,3,2,3,3,2,3,1,1,2?,1,1,3?,*,-,tz,*,-,II,   1500,   1500,  1250,  1750,Z,Do,  3,1234,*,862,d1a1,4,6,22, 6, 9,14,1,1,1,1,-,-, 37,*,1,20,-,3,  342, 310,201,191,,,,,,,,,,,,29
 1940,Slobeend,1,1,3;5,2,3,1,5,2,1;3,5,2?,5,,x?,,2,2,3,x,,1,1,2,3,2,3,3,2,3,1,1,3,1,1,3?,-,-,-,*,*,II,   9000,  12000, 10000, 14000,SDe,WDo,123,1234,*,1030,d1c1,4,5,26, 7,10,14,1,1,1,1,-,-, 42,*,1,21,56,3,  650, 550,247,232,,,,,,,,,,,,30
 1960,Krooneend,1,3,1;2;7,3,2,1,,1,2,5?,2?,5,,x?,,2,2,3,x,,1,1,3,3,3,3,3,3,3,1,1,4?,1,1,2?,*,-,tz,-,-,II,     40,     60,    30,    65,SDe,WDo,  2,134,*,45,d1,5,6,27, 6, 9,12,1,1,1,1,-,-, 47,*,1,7,-,3, 1136,1097,260,250,,,,,,,,,,,,31
 1980,Tafeleend,1,1,2;3,2,3,1,,1,,4,2,5,,,,2,2,3,,,1,1,2,3,2,3,3,2,3,1,1,2?,1,1,3,-,-,-,*,*,II,   1000,   1300,  1600,  2300,SDe,WDo, 12,1234,*,457,d1,4,6,25, 6, 9,18,1,1,1,1,-,-, 52,*,1,10,-,3, 1012, 940,216,210,,,,,,,,,,,,32
 2030,Kuifeend,1,1,2;3;7,2,3,1,,1,,4,2,5,,x?,o,2,2,3,,,1,1,2,3,2,3,3,2,3,1,1,3?,1,1,3?,-,-,-,*,*,II,   6000,   6000,  7500, 11000,SDe,WDo, 12,1234,*,863,d1,5,7,24, 5, 8,18,1,1,1,1,-,-, 47,*,1,15,54,3,  705, 653,206,199,,,,,,,,,,,,33
 2060,Eider,1,4,3,3,11,1,,1,,5,4,5,,x,o,5,5,6,,,1,1,4,3,3,3,3,3,3,5,5,5,0,0,0,*,-,tz,-,-,I,   4000,   4000,  5000,  7000,SDe,WDo, 12,123,*,32,d2a2,4,7,26, 3, 5,10,1,1,1,1,-,*, 70,*,2,18,80,3, 2218,1915,304,301,,,,,,,,,,,,34
 2180,Brilduiker,2,1,8,6,11,1,,1,,2,1,4,,,,2,2,3,,,1,1,3,3,2?,3,3,2,3,1,1,2?,1,1,3?,-,-,-,-,*,II,      0,      0,     0,     1,Z,WDo,  1,123,i,4,d1b1b2,4,6,29, 6, 8,11,1,1,1,4,*,-, 62,*,2,17,63,3, 1136, 787,220,203,,,,,,,,,,,,35
 2210,Middelste Zaagbek,1,3,1;7,3,11;2,1,,1,,4,3,5,,,,2,2,3,,,1,1,3,3,3,3,3,3,3,3,1,5,1,1,3?,-,-,-,-,-,I,      0,      2,     1,     4,Z,WDo,  1,123,*,6,d2d1,5,6,32, 7, 9,12,1,1,1,4,*,-, 62,*,2,9,-,3, 1149, 940,247,228,,,,,,,,,,,,36
 2310,Wespendief,1,8,,7,,8,,3,,1,1,3,,,,5,4,5?,,,3,2?,4,x,x,x,3,x,x,1,1,3?,0,0,0,-,-,-,-,-,V,    300,    300,   400,   500,Z,Do,  3,1234,*,271,b1b2,5,6,33, 1, 2, 3,1,1,1,4,-,-, 42,-,2,29,-,9,  632, 620,404,415,,,,,,,,,,,,37
 2380,Zwarte Wouw,2,8,,7,,1,3;5,3,1;2,4,3,5,,,,5,5,6,,,2,1,4,x?,2,3,x?,,,1,1,3?,2,1,3,-,-,-,-,-,V,      0,      0,     0,     1,Z,Do,  3,1234,i,9,b1b2,4,6,38, 1, 3, 5,1,1,1,4,-,-, 46,-,4,24,78,11,  807, 846,447,464,,,,,,,,,,,,38
 2390,Rode Wouw,2,8,,7,,5,3;4;6,3,,3,2,5,,,,5,5,6,,,x?,2,,x,2,3,3,x,,,,,,,,-,*,iz,-,-,V,      3,      5,     3,     5,Z,WDo,  2,1234,*,37,b1b2,3,5,29, 1, 3, 5,1,1,1,4,-,-, 55,-,3,26,82,11,  912,1119,490,503,,,,,,,,,,,,39
 2430,Zeearend,3,8,,7,,1,2;3;4;5,1,2;3,5,5,5,,,,6,6,6,,,1,1,4,x,2,3,3,2,3,x,1,5,1,1,3,-,-,-,-,-,V,      -,      -,     -,     -,-,WDo,-,1234,-,-,b2b3a5,2,5,40, 1, 2, 4,1,1,1,4,-,-, 72,-,5,20,70,60, 4193,5460,645,685,,,,,,,,,,,,40
 2600,Bruine Kiekendief,1,2,3;6,3,,3,1;2;4;5;6,3,4;8?,4?,3,5,,,,5,4?,6,,,2,1,4,3,2,3,3,2,3,1,1,3?,1,1,2?,-,-,-,*,-,V,    725,    850,   700,  1250,SDe,WDo, 23,1234,*,462,d1,4,5,34, 3, 5, 8,1,1,1,1,-,-, 41,-,2,17,74,0,  540, 737,393,413,,,,,,,,,,,,41
 2610,Blauwe Kiekendief,1,3,2;4,3,,3,2;4;5;6;7,3,4;5;8,4,3,5,,,,5,4?,6,,,x,2,,x,,,x,,,1,1,5?,0,0,0,*,-,-,-,*,V,    100,    130,   100,   140,SDe,WDo, 12,1234,*,151,b3d1a1c3,4,6,34, 4, 5, 6,1,1,1,1,-,-, 38,-,2,17,72,0,  362, 459,338,376,,,,,,,,,,,,42
 2630,Grauwe Kiekendief,1,3,3;4;6,3,,3,3;4;6,3,8,5,4,5,,,,5,4?,6,,,3,2,4,x,2,3,x,1,3,1,1,4?,0,0,0,*,-,tz,-,-,V,     30,     50,     5,    15,Z,Do,  3,1234,*,79,b3d1a1,5,6,28, 2, 4,10,1,1,1,1,-,-, 37,-,2,16,-,12,  261, 370,365,372,,,,,,,,,,,,43
 2670,Havik,1,8,,7,,8,2;3;6;7,8,3;5;7?,2,1,5,,,,5,5,6,,,x,2,4,x,,,x,,,x,,,,,,-,-,-,*,*,V,    500,    600,  1200,  1700,S,W,  1,1234,*,274,b1b2,4,6,38, 1, 3, 5,1,1,1,4,-,-, 41,-,2,19,89,15,  865,1414,316,361,,,,,,,,,,,,44
 2690,Sperwer,1,8,7,7,5b,8,9,5,3;4;7;8,2,1,4,,,,5?,4,6?,,,x,,,x,,,x,,,1?,1,3?,,,,-,-,-,-,*,V,   1200,   1200,  2000,  3000,SDe,WDo, 12,1234,*,559,b1,4,6,33, 2, 4, 7,1,1,1,4,-,-, 27,-,1,16,60,12,  151, 264,201,239,,,,,,,,,,,,45
 2870,Buizerd,1,8,,7,,3,4;5;6;8,3,7?;8?,3,1,5,,,,5,4,6,,,x,,,x,,,x,,,1,1,3?,,,,-,-,-,*,*,V,   2000,   2500,  3500,  4500,SDe,WDo,  2,1234,*,756,b1b2,3,6,34, 1, 3, 6,1,1,1,4,-,-, 52,-,2,26,81,0,  760, 959,387,398,,,,,,,,,,,,46
 3010,Visarend,3,8,,7,,1,,1,,4?,2,5,,x,,5,5,6,,,1,1,4,x,2,,3,2?,3,1,1,5?,1,1,3,-,-,-,-,-,V,      -,      -,     -,     -,-,WDo,123,1234,v,-,b1b2d1a5,4,6,36, 2, 3, 4,1,1,1,4,-,-, 51,-,2,32,81,6, 1428,1567,469,495,,,,,,,,,,,,47
 3040,Torenvalk,1,8,9,7,10,3,4;5;6,3,,4,3,5,,,,4?,3,6?,,,x,,,x,,,3,1,3,1?,1,4?,,,,-,-,-,*,*,V,   5000,   6500,  5000,  7000,SDe,WDo,  2,1234,*,1528,b1b2a5,4,6,29, 4, 5, 9,1,1,1,4,*,-, 29,-,1,17,66,0,  195, 230,246,256,,,,,,,,,,,,48
 3100,Boomvalk,1,8,,7,,8,1;2;3;4;9,8,3,3,1,5?,,,,5?,4,6?,,,2,1,4,x,,,x,,,1?,1,4?,,,,-,-,-,*,-,V,   1000,   1100,  1400,  1900,Z,Do,  3,1234,*,853,b1b2,5,6,30, 2, 3, 4,1,1,1,4,-,-, 31,-,2,13,-,12,  200, 229,256,268,,,,,,,,,,,,49
 3200,Slechtvalk,2,8,9,7,10,3,10,8,3,5,3,5,,,,6?,5,6,,,x,,,x,,,x,,,x,,,,,,-,-,-,-,-,V,      0,      1,     0,     1,Z,WDo, 12,1234,i,5,a1b1a5,4,6,28, 2, 3, 6,1,1,1,4,-,-, 38,-,2,17,-,14,  666,1113,307,353,,,,,,,,,,,,50
 3320,Korhoen,1,4,,3,5,5,4;6;8,3,4;5,4,3,5,x,x,,3?,3,5,3,2,x,,,x,,,x,,,1,1,1,,,,*,-,tz,-,-,VIII,    225,    450,    74,   175,S,-,  1,123,*,169,a1,5,6,25, 5, 8,16,1,1,1,1,-,-, 45,*,2,6,50,0, 1233, 942,257,226,,,,,,,,,,,,51
 3580,Rode Patrijs,3,3,4;5;6;7,3,,3,4;5;6;7,3,4,2,2,5,x,,,3,2,4?,,,4,3,4,x,,,x,,,1,1,4,,,,,,,,,,,,,,,,,,,,,,,,,,,,,,,,,,,,,,,,,,,,,,,,,,,,,,52
 3670,Patrijs,1,3,4;5;6,3,,3,4;5;6,3,,4,3,5,x,,,3,2,4?,,,3,2,4,x,,,x,,,1,1,3?,,,,*,-,-,*,*,VIII,  37500,  47500, 25000, 35000,S,-,  1,1234,*,1536,c1c2c3a1,5,9,24, 8,15,24,1,1,1,1,-,-, 95,*,1,7,-,3,  368, 404,158,156,,,,,,,,,,,,53
 3700,Kwartel,1,6,3;4;5,3,,6,3;4;5,3,,5,4,5,,,,3,2?,3,,,x,3,4,x,,,x,,,1,1,2?,,,,-,-,-,-,-,VIII,    900,   1200,  3000,  5000,Z,Do, 23,1234,*,410,c1c2c3,5,8,19, 6,10,18,1,1,2,1,-,-, 40,*,1,8,-,0,   95, 103,111,113,,,,,,,,,,,,54
 3940,Fazant,1,3,2;7;8,3,,3,2;5;6;7;8,3,4;5,2,1,5,x,,,3,2,4,,,3,2,3,x,,,3,1,3,1,1,3?,,,,-,-,-,*,*,VIII,  50000,  75000, 25000,100000,S,-,  1,1234,*,1601,b1b2b3b4a,3,6,25, 7,12,16,1,1,1,1,-,-, 75,*,1,8,42,0, 1355,1200,252,224,,,,,,,,,,,,55
 4070,Waterral,1,2,2;7,2,3,2,3;7,1,2,3,2,5,,,,2?,1,4,,,2,1,2,3,2,3,3,2,3,1,1,4?,1,1,3,-,-,-,*,-,II,   2400,   3600,  2400,  3600,SDe,WDo, 12,1234,*,648,d1,4,6,19, 5, 8,16,2,2,2,1,-,-, 25,*,1,7,-,2,  125,  98,125,116,,,,,,,,,,,,56
 4080,Porseleinhoen,1,2,2;5,2,,2,2;5,2,,4,2,5,,,,2,1?,4?,,,2,1,2,3,2,3,3,2,3,1,1,3,1,1,3,*,-,tz,-,-,II,    100,    200,   800,  1000,Z,Do, 23,1234,*,141,c2d1,5,6,19, 6,10,15,2,2,2,1,-,-, 25,*,1,7,-,2,   82,  82,122,118,,,,,,,,,,,,57
 4100,Klein Waterhoen,2,2,,2,,2,,2,1,4,3,5,,,,2,1?,3?,,,1,1,2,3,2,3,3,2,3,1,1,2?,1,1,3,-,-,-,-,-,II,      0,     10,     0,    20,Z,Do, 23,1234,i,38,c2d1,5,7,19, 4, 7,11,1,1,2,1,-,-, 47,*,1,6,-,3,   61,  61,106,103,,,,,,,,,,,,58
 4110,Kleinst Waterhoen,2,2,,2,,2,,2,1,4,3,5,,,,2,1?,3?,,,1,1,2,3,2,3,3,2,3,1,1,2?,1,1,3,-,-,-,-,-,II,     30,     30,     0,    20,Z,Do, 23,134,i,29,d1,5,6,19, 4, 7, 9,1,1,2,1,-,-, 35,*,1,-,-,3,   39,  39, 93, 91,,,,,,,,,,,,59
 4210,Kwartelkoning,1,5,3;6,3,,5,3;6,3,,4,3,5,,,,3,3,5,,,3,2,3,3,2,3,3,2,3,1,1,2,,,,*,*,itz,-,-,VIII,    100,    100,   400,   600,Z,Do,  3,1234,*,162,c1c2,5,6,16, 6,10,14,1,1,2,1,-,-, 60,*,1,6,-,0,  173, 158,144,136,,,,,,,,,,,,60
 4240,Waterhoen,1,1,2,2,5;7,1,2;3;5,1,2;3,2,2,5?,,,,2,2,3,,,1,1,3,3,2,3,3,2,3,1,1,2?,1,1,3,-,-,-,*,*,II,  45000,  75000, 45000, 75000,SDe,WDo, 12,1234,*,1570,d1,3,7,20, 2, 8,21,2,2,3,1,-,-, 45,*,1,15,-,7,  318, 251,178,170,,,,,,,,,,,,61
 4290,Meerkoet,1,1,2,2,,1,2;5,1,2;3;4,3,2,5,,,,2,1,3,,,1,1,3,3,2,3,3,2,3,1,1,4,1,1,4,-,-,-,*,*,II,  50000,  80000, 50000, 80000,SDe,WDo, 12,1234,*,1415,d1,3,7,22, 5, 7,15,2,2,3,1,-,-, 57,*,1,18,75,7,  933, 865,222,207,,,,,,,,,,,,62
 4330,Kraanvogel,2,2,4,3,,2,2;4;5;6,3,1;2;4,3,2,5,,,,5?,4?,6?,,,2,1,3,2,1,3,3,2?,3,1,1,2?,1,1,2,*,-,-,-,-,III,      -,      -,     -,     -,-,WDo,-,1234,-,-,d1,4,6,30, 1, 2, 3,1,1,1,1,-,-, 67,*,5,-,-,15, 5150,4853,610,581,,,,,,,,,,,,63
 4500,Scholekster,1,3b,10,3,,10,,3,2,5,3,5,,o,,3,2?,5?,,,3,2,3,3,2,3,3,2?,3,5,1,5,,,,-,*,-,*,*,VI,  43000,  50000, 80000,100000,SDe,WDo,123,1234,*,1483,a2a3a4c1c,4,6,29, 2, 3, 4,1,1,1,1,-,-, 38,*,2,36,-,12,  488, 594,254,255,,,,,,,,,,,,64
 4560,Kluut,1,3b,6,3,,1,3b,1,2;3,5,4,5,,,x,2,2,4,2,1,2,1,3,3,3,3,3,2,3,5,1,5,1,1,3,*,*,-,-,-,VI,   4600,   4600,  8000,  8000,SDe,WDo, 23,1234,*,356,d1d2,4,7,23, 3, 4, 5,1,1,1,1,-,*, 38,*,2,25,78,3,  327, 308,226,225,,,,,,,,,,,,65
 4590,Griel,2,4,3b;6,3,,4,6,3,,5,3,5,,,,3?,2,5,3,,4,3,4,x,,,x,,,1,1,4,,,,*,-,-,-,-,VIII,      -,      -,     -,     -,Z,-,  2,134,i,8,a1a2c3,4,6,25, 2, 2, 2,1,1,2,1,-,-, 39,*,3,16,-,3,  467, 413,245,242,,,,,,,,,,,,66
 4690,Kleine Plevier,1,3b,,3,,3b,1,3,2,4,3,5,,,,2,2,3,3,,2,1,3,3,2,3,x,,,1,1,3,1,1,4,-,-,tz,-,-,VII,    800,   1300,   600,  1000,Z,Do, 23,1234,*,411,a4d1,4,6,25, 3, 4, 5,1,1,2,1,-,-, 25,*,1,10,65,3,   38,  39,115,116,,,,,,,,,,,,67
 4700,Bontbekplevier,1,3b,,3,,3b,1,3,2,5,3,5,,,,2,2,4,3,,2,1,3,3,2,3,x,,,5,1,5,1,1,4,*,-,tz,-,-,VI,    450,    600,   500,   750,SDe,WDo, 12,123,*,272,a3a4d2,4,7,24, 3, 4, 5,2,2,3,1,-,-, 24,*,1,10,60,3,   65,  59,132,131,,,,,,,,,,,,68
 4770,Strandplevier,1,3b,,3,,3b,1,3,2,5,4,5,,,,2,2,4,3,,2,1,3,3,2,3,x,,,5,2,5,1,1,3,*,-,tz,-,-,VI,    750,   1100,   500,   700,Z,Do, 23,1234,*,182,a3a4d1d2,4,6,26, 2, 3, 4,1,1,2,1,-,-, 28,*,1,10,60,3,   48,  47,109,109,,,,,,,,,,,,69
 4820,Morinelplevier,3,6,4,3,,4,6,3,,5,5,5,,,,3,2?,4?,,,3,2,4,x,,,x,,,1,1,1,,,,-,-,-,-,-,VIII,     10,     10,     0,     0,Z,Do,  3,123,i,19,c3a4,5,6,23, 2, 3, 4,1,1,1,1,-,-, 27,*,1,-,-,5,  101, 117,150,154,,,,,,,,,,,,70
 4850,Goudplevier,3,4,,3,,4,5;6,3,,5,4,5,,,,4,3?,5?,2,,2,2,2,1,1,1?,1,1,2,1,1,1,,,,-,-,-,-,*,VIII,      0,      1,     0,     0,Z,WDo,123,123,i,13,a1c1a4,4,6,27, 3, 4, 4,1,1,1,1,-,-, 29,*,1,12,-,3,  216, 214,190,191,,,,,,,,,,,,71
 4930,Kievit,1,5,4;6,3,,5,6,3,2,5,3,5,,o,,3,1,4,,,3,2,4,2,2,3,3,2,3,1,1,4,,,,-,-,-,*,*,VIII, 120000, 120000,200000,275000,SDe,WDo, 12,1234,*,1623,a1a2a3a4c,3,5,26, 2, 4, 5,1,1,1,1,-,-, 37,*,1,23,68,3,  211, 226,233,228,,,,,,,,,,,,72
 5120,Bonte Strandloper,3,3,4;5,3,,1,3;4;5,2,1;3,5,4,5,,o,o,3,2,4?,,,2,1,3,2,1,3,3,1,3,4,1,5,,,,-,-,-,-,-,VI,      0,      5,     0,     1,Z,WDo,123,123,i,17,a3a1d1,5,6,21, 2, 4, 6,1,1,1,1,-,-, 20,*,1,20,75,4,   51,  55,115,117,,,,,,,,,,,,73
 5170,Kemphaan,1,3,4;5,3,,5,4,3,1;2,4,3,5,,o,,3,3,4,,,2,2,3,x,,,x,,,1,1,3,,,,*,-,tz,-,-,VII,   1500,   1500,  1250,  1500,Z,WDo, 23,123,*,413,c2,5,6,21, 3, 4, 4,1,1,1,1,-,-, 26,*,1,11,-,5,  198, 118,191,158,,,,,,,,,,,,74
 5190,Watersnip,1,3,1;2;4;5,3,,1,2;3;4;5,2,1;3,4,3,5,,o,,3,2,4?,2,3,2,1,2,x,,,3,1,3,1,1,3,,,,*,-,-,*,*,VII,   5500,   5500,  4000,  5000,SDe,WDo,123,1234,*,1020,c2c3d1,4,7,19, 3, 4, 4,1,1,2,1,-,-, 19,*,-,12,48,2,  111, 128,134,134,,,,,,,,,,,,75
 5200,Poelsnip,3,2,3;7,3,,2,,2,1;3,3,2,5,,o?,,4,3,5?,,,2,1,2,x,,,3,2,3,1,1,1,,,,-,-,-,-,-,VII,      -,      -,     -,     -,-,-,-,23,-,-,d1c2,5,7,23, 3, 4, 4,1,1,1,1,-,-, 24,*,-,-,-,3,  202, 202,146,146,,,,,,,,,,,,76
 5290,Houtsnip,1,8,7,3,,8,3;5,3,,2,1,3,,,,3,2?,4,,,3,2,4,x,,,3,2,3,1,1,1,,,,-,-,-,*,-,VIII,   2000,   3000,  3000,  4500,SDe,WDo,  2,1234,*,466,b2b3,3,6,22, 3, 4, 5,2,2,2,1,-,-, 17,*,1,21,61,2,  301, 329,204,204,,,,,,,,,,,,77
 5320,Grutto,1,5,4,3,,5,1,3,1;2,5,3,5,,o,o,3,1,4,,,2,2,3,3,2,3,3,1,2,1,1,4,,,,*,*,it,*,-,VII, 120000, 120000, 75000,105000,Z,WDo,  3,123,*,1357,c2d1,4,6,23, 3, 4, 5,1,1,1,1,-,-, 27,*,2,16,63,3,  280, 350,211,223,,,,,,,,,,,,78
 5410,Wulp,1,4,2;3;5,3,,5,2;3;4,3,1;2,3,3,5,x,o,,3,3?,5,,,3,2,4,x,,,x,,,1,1,2?,,,,-,-,-,*,*,VI,   3000,   3000,  6500,  8000,SDe,WDo, 12,1234,*,802,a1a2c1c2,4,6,28, 3, 4, 5,1,1,1,1,-,-, 35,*,2,32,74,2,  662, 788,292,310,,,,,,,,,,,,79
 5460,Tureluur,1,5,3;4,3,,5,3;4,2,3,5,3,5,,o,,3,2,5?,,,2,1,3,3,1,3,x,,,4,1,5,,,,*,-,-,*,-,VI,  20000,  20000, 23000, 30000,SDe,WDo,123,1234,*,1198,a3c2d1d2,4,6,23, 3, 4, 5,1,1,1,1,-,-, 30,*,1,17,69,3,  123, 135,159,161,,,,,,,,,,,,80
 5530,Witgatje,3,8,1,7,,1,8,2,1;2,1,1,3,,,,2?,2,3,,,2,1,2,3,1?,3,x?,,,1,1,1,1,1,2,-,-,-,-,-,VII,      -,      -,     -,     -,-,WDo,-,1234,-,17,d1b2,4,6,21, 2, 4, 4,1,1,1,4,-,-, 28,*,1,10,-,3,   66,  71,142,145,,,,,,,,,,,,81
 5540,Bosruiter,3,4,,3,,4,,2,1;2;4;8,3,2,4,,,,2?,2,3?,2,,2,1,2,1?,1,3?,x?,,,1,1,1,1,1,2,-,-,-,-,-,VII,      -,      -,     -,     -,Z,WDo,  3,123,i,21,d1c2a1,5,6,22, 3, 4, 4,1,1,1,1,-,-, 30,*,1,9,-,3,,,126,131,,,,,,,,,,,,82
 5560,Oeverloper,2,3b,1,3,,1,3b,2,3;4;8,5,2,5,,,,2?,2,3,3,,1,1,2,3,2,3,x?,2,,1,1,1,3,1,5,-,-,-,-,-,VII,      5,     10,     -,     -,Z,WDo,123,1234,i,141,d1,4,6,21, 3, 4, 5,1,1,1,1,-,-, 27,*,1,10,-,4,   56,  53,110,114,,,,,,,,,,,,83
 5750,Zwartkopmeeuw,1,3b,1,2,3,1,5;6,2,1;3;8,3,3,4,,x,x,5,5,6,,,2,1,4,3,2,3,3,2,3,1,1,4,1,1,2,-,-,-,-,-,I,      2,      8,     3,    10,Z,WDo,  2,1234,*,17,a2a3c2d2,5,6,24, 2, 3, 3,1,1,1,1,-,*, 37,*,2,15,-,12,  288, 257,309,303,,,,,,,,,,,,84
 5780,Dwergmeeuw,2,1,,2,3,1,2;3,8,2,4,3,5,,x,x,5,5,6,,,1,1,2,3,2,3,3,2,3,1,1,3,1,1,1?,-,-,-,-,-,XII,      7,     61,    30,    45,Z,WDo,  2,1234,*,27,d1d2,5,6,20, 2, 3, 5,1,1,1,1,-,*, 22,*,2,6,-,12,  123, 119,225,218,,,,,,,,,,,,85
 5820,Kokmeeuw,1,1,,2,3,1,10;9,3,1;2;8,3,2,5,,x,x,5,5,6,,,1,1,3,x,,,x,,,1,1,3,1,1,1?,-,-,-,-,*,XII, 200000, 200000,225000,275000,SDe,WDo, 12,1234,*,529,a2a3c2d1d,4,6,24, 2, 3, 6,1,1,1,1,-,*, 35,*,2,32,-,12,  271, 251,306,300,,,,,,,,,,,,86
 5900,Stormmeeuw,1,4,3b,3,10;5,5,,3,,4,4,5,,x,x,5,5,6,3,x,x,,,3,2,3,3,2,3,x,,,1,1,2,-,-,-,-,*,XII,   7000,   7000,  7000, 11000,SDe,WDo, 12,123,*,91,a2d1,5,5,25, 1, 3, 4,1,1,1,1,-,*, 37,*,3,24,-,12,  432, 375,365,345,,,,,,,,,,,,87
 5910,Kleine Mantelmeeuw,1,4,3b,3,,1,,1,2,5,4,5,,x,x,6,6,6,3,x,1,1,4,3,2,3,3,3,3,5,1,5,1,1,3,-,-,-,-,*,XII,   9700,   9700, 19000, 19000,SDe,WDo, 12,123,*,32,a2d1a5,4,6,27, 1, 3, 3,1,1,1,1,-,*, 35,*,4,26,90,41,  880, 755,439,403,,,,,,,,,,,,88
 5920,Zilvermeeuw,1,4,3b,3,,1,,1,2,5,4,5,,x,x,6,6,6,3,x,1,1,4,3,2,3,3,3,3,5,1,5,1,1,3,-,-,-,-,*,XII,  53000,  53000, 90000, 90000,SDe,WDo, 12,1234,*,123,a2a3d1d2a,4,6,29, 2, 3, 3,1,1,1,1,-,*, 37,*,4,32,93,48, 1270,1029,428,408,,,,,,,,,,,,89
 6000,Grote Mantelmeeuw,1,4,3b,3,10,1,3;3b,2,1?;3;8,5,4,5,,x,x,6,6,6,3,x,2,1,4,3,2,3,3,3,3,5,1?,5,1,1,3,-,-,-,-,*,I,      -,      -,     -,     -,-,WDo,-,123,-,-,d1a5,4,6,28, 2, 3, 4,1,1,1,1,-,*, 52,*,4,20,-,42, 1713,1486,498,472,,,,,,,,,,,,90
 6050,Lachstern,3,4,3b,3,,10,1;3;5;6,3,2;4,5,4,5,,x,x,5?,5,6,3,,3,1,4,3,2,3,3,3,3,5,1,5,1,1,3,-,-,-,-,-,XII,      -,      -,     -,     -,Z,Do,  3,124,i,1,a3,5,6,22, 2, 3, 5,1,1,1,1,-,*, 31,*,3,16,-,3,    -,   -,  -,  -,,,,,,,,,,,,91
 6110,Grote Stern,1,3b,4,3,,1,,1,,5,4,5,,x,x,6,6,6,3,,1,1,3,3,3,3,3,3,3,5,5,5,1,1,1,*,-,tz,-,-,I,   4350,   6100,  9100, 10000,Z,Do,  3,124,*,27,a3d2a5,4,6,23, 1, 2, 3,1,1,1,1,-,*, 35,*,3,24,-,3,  245, 240,308,295,,,,,,,,,,,,92
 6150,Visdief,1,3b,1;4,3,2,1,,1,,5,3,5,,x,x,5,5,6,,,1,1,3,3,2,3,3,3?,3,5,1,5,1,1,3,*,-,-,-,-,XII,  10000,  10000, 15000, 19000,Z,Do,  3,1234,*,547,a2a3a4c2d,5,7,21, 2, 2, 3,1,1,2,1,-,*, 23,*,1,25,-,3,  111, 113,271,267,,,,,,,,,,,,93
 6160,Noordse Stern,1,3b,4,3,,1,10,1,2;4;8,5,4,5,,x,x,5,5,6,3,x,1,1,3,3,2,3,3,2,3,5,4,5,1,1,3,*,-,tz,-,-,I,   1200,   1500,  1000,  1600,Z,Do,  3,123,*,66,a3a2a5,5,7,21, 1, 2, 3,1,1,1,1,-,*, 23,*,2,34,-,3,  123, 111,272,271,,,,,,,,,,,,94
 6240,Dwergstern,1,3b,,3,,1,10,1,2;3;4,5,4,5,,x,x,5,5,6,3,,1,1,3,3,3,3,3,3,3,4,2,5,1,1,3,*,-,tz,-,-,I,    320,    320,   400,   500,Z,Do,  3,1234,*,56,a3a4d1,5,7,20, 2, 2, 3,1,1,1,1,-,*, 16,*,1,21,-,3,   51,  45,176,173,,,,,,,,,,,,95
 6260,Witwangstern,3,1,2,2,,1,2;3,2,3;4,4,3,5,,x,x,5,4,6,,,1,1,3,3,3,3,3,3,3,1,1,3,1,1,3,-,-,-,-,-,XII,      -,      -,     -,     -,Z,Do,  3,134,i,8,d1,5,6,19, 2, 3, 4,1,1,1,1,-,*, 23,*,-,-,-,3,   87,  87,232,226,,,,,,,,,,,,96
 6270,Zwarte Stern,1,1,2,2,,1,2;3;5,2,4;8,4,2,5,,x,x,5,4,6,,,1,1,2,3,1,3,3,1,3,1,1,3,1,1,3,*,*,itz,-,-,XII,   2000,   3000,  1000,  2000,Z,Do,  3,1234,*,373,d1,5,6,15, 2, 3, 4,1,1,1,1,-,*, 24,*,2,17,-,3,   61,  58,216,211,,,,,,,,,,,,97
 6280,Witvleugelstern,3,1,2,2,,1,2;3;5,2,4;8,4,2,5,,x,x,5,4,6,,,1,1,2,3,3,3,3,3,3,1,1,2,3,1,4,-,-,-,-,-,XII,      0,      0,     0,     1,Z,Do,  3,234,i,-,d1,5,6,20, 2, 3, 4,1,1,1,1,-,*, 24,*,2,-,-,3,   70,  69,213,210,,,,,,,,,,,,98
 6680,Holenduif,1,8,4;9,6,10;11,6,3;5;8,3,7,2,1,5,,x,o,2,1,5,,,x,,,x,,,3,2?,3,1,1,3,,,,-,-,-,*,*,X,  13000,  17000, 30000, 40000,SDe,WDo, 12,1234,*,1236,b2a5a2,3,10,17, 1, 2, 2,2,2,3,4,*,-, 25,-,1,13,-,0,  303, 278,213,213,,,,,,,,,,,,99
 6700,Houtduif,1,8,,7,10;3,6,3;5;8,3,7,2,1,5,,x,o,2,1,5,,,x,,,x,,,3,1?,3,1,1,4?,,,,-,-,-,*,*,X, 425000, 500000,500000,800000,SDe,WDo,  2,1234,*,1626,b1b2b3b4e,4,10,16, 1, 2, 2,3,3,3,4,-,-, 33,-,1,16,64,3,  529, 510,254,249,,,,,,,,,,,,100
 6840,Turkse Tortel,1,9,,7,5b,9,3;5;6;7,3,4;5,2,2,3,,x,,2,1?,4,,,x,,,x,,,x,,,x?,,,,,,-,-,-,*,*,IX,  60000, 100000,100000,150000,S,WDo,  1,1234,*,1428,e,3,9,14, 2, 2, 2,2,2,3,4,-,-, 17,-,1,14,71,2,  206, 195,183,174,,,,,,,,,,,,101
 6870,Zomertortel (Tortelduif),1,7,8,5b,7,6,3;5,3,,2,1,3?,o,x,,2,1,4,,,x,,,x,,,x,,,x?,,,,,,-,-,-,*,-,X,  40000,  50000, 35000, 50000,Z,Do,  3,1234,*,1395,b1b2b3b4,5,8,13, 1, 2, 2,2,2,2,4,-,-, 20,-,1,13,-,2,  138, 138,178,173,,,,,,,,,,,,102
 7240,Koekoek,1,x,,x,,8,x,7,x,x,,,,,,3,3,4,,,x,,,x,,,x,,,x?,,,,,,-,-,-,*,-,X,  10000,  10000, 15000, 25000,Z,Do,  3,1234,*,1601,a1a2b1b2b,5,6,12, 8,10,12,,,,2,-,-, 21,-,1,13,-,7,  117, 101,219,210,,,,,,,,,,,,103
 7350,Kerkuil,1,9,,10,,3,10;7,3,10;4;5,2,2,5,o,,,5,5,6,,,x,,,x,,,3,2,3,x?,,,,,,*,-,tz,-,-,IX,    200,    700,   300,   500,SDe,WDo,  2,134,*,704,c1c2c3e,2,8,32, 3, 5,11,1,2,2,4,*,-, 60,-,1,18,-,0,  228, 233,285,285,,,,,,,,,,,,104
 7440,Oehoe,2,8,9,3,10;6;7,8?,3;4;7,3,4;5,2,1,4,,,,6?,5,6,,,x,,,x,,,x,,,x?,,,,,,-,-,-,-,-,X,      -,      -,     -,     -,S,-,  1,1234,i,-,b1b2b4a5,3,6,34, 1, 3, 6,1,1,1,1,-,-, 55,-,-,21,-,2, 2185,2975,457,477,,,,,,,,,,,,105
 7570,Steenuil,1,9,4;7,10,11,3,10,3,4;5,2,1,4?,,,,4?,3,5,,,x,,,x,,,x,,,x?,,,,,,-,-,-,-,-,IX,   6000,   8000,  8000, 12000,S,-,  1,134,*,1089,b4c1c2c3e,3,6,28, 2, 4, 8,1,1,2,4,*,-, 33,-,1,16,65,0,  185, 198,160,165,,,,,,,,,,,,106
 7610,Bosuil,1,8,9,6,10,8,3;5;7;9,3,5,1,1,4,,,,4,3,6?,,,x,,,x,,,x,,,x?,,,,,,-,-,-,*,-,X,   2500,   3000,  4000,  5500,S,-,  1,1234,*,618,b1b2b4,2,5,29, 1, 3, 7,1,1,1,4,*,-, 34,-,1,18,74,2,  430, 570,277,283,,,,,,,,,,,,107
 7670,Ransuil,1,8,7,7,3;5b,8,10;3;7,3,4,2,1,5,,,,4,3,5,,,x,,,x,,,x,,,x?,,,,,,-,-,-,*,-,X,   4000,   5000,  7000, 10000,SDe,WDo, 12,1234,*,1413,b1b2b3,2,5,28, 3, 4, 8,1,1,2,4,-,-, 30,-,1,28,70,0,  247, 305,289,295,,,,,,,,,,,,108
 7680,Velduil,1,3,4;5;6,3,,3,4;5;6,3,,5,4,5,,,,4?,3?,5,,,x,,,x,,,x,,,x,,,,,,*,-,tz,-,-,IX,    130,    185,   100,   200,SDe,WDo,  2,1234,*,349,a1a2b3d1,3,6,26, 3, 6,14,1,1,2,1,-,-, 25,-,1,13,-,0,  328, 395,304,308,,,,,,,,,,,,109
 7700,Ruigpootuil,2,8,,6,,8,,3,5,1,1,1,,,,3?,3,5?,,,x,,,x,,,x,,,x,,,,,,-,-,-,-,-,X,      5,     10,     0,     2,S,-,  1,1234,i,7,b1,3,6,31, 3, 5,10,1,1,2,4,*,-, 32,-,1,8,-,0,  101, 167,168,176,,,,,,,,,,,,110
 7780,Nachtzwaluw,1,8,3b;7,3,,4,3b;6,8,,2,2,3,x,,,4,3,5,3,2,4,2,4,x,,,1,1,2,x,,,,,,*,-,tz,-,-,X,   1000,   1000,   700,   850,Z,Do,  3,1234,*,256,a1a2b1b2,5,8,19, 2, 2, 2,1,1,2,1,-,-, 16,*,1,8,-,0,   62,  87,191,194,,,,,,,,,,,,111
 7950,Gierzwaluw,1,9,,10,,9,1;10;2,8,,4,2,5,,o,o,4,3?,6?,,,x,,,x,,,x,,,x,,,,,,-,-,-,-,-,IX,  50000,  85000, 25000,100000,Z,Do,  3,1234,*,1198,ea5,5,7,27, 2, 3, 4,1,1,1,4,*,-, 46,-,4,21,85,7,   43,  43,175,173,,,,,,,,,,,,112
 8310,IJsvogel,1,1,8,11,,1,,1,,2,1,5,,,,4,3,5,,,1,1,3,x,2,,x,2,,1,1,5,,,,*,-,tz,-,-,XI,    275,    325,    30,   200,S,WDo,  1,1234,*,416,d1,4,8,20, 4, 6,10,2,2,2,1,*,-, 25,-,1,15,-,0,   41,  42, 78, 79,,,,,,,,,,,,113
 8400,Bijeneter,3,1,4,11,,10,,8,,4,3,5,,,x,3,2?,5?,,,2,1,4,x?,,,x,,,x,,,,,,-,-,-,-,-,IX,      0,      0,     0,     1,Z,-,  2,134,i,5,b3,5,6,20, 4, 6,10,1,1,1,1,*,*, 22,-,1,-,-,6,   60,  54,152,148,,,,,,,,,,,,114
 8410,Scharrelaar,3,8,,6,10,8,10;7,3,,2,2,5,x,,,3?,3,5?,3,,4,3?,4,x,,,1,1,2,x,,,,,,-,-,-,-,-,IX,      -,      -,     -,     -,-,-,-,134,-,-,b3,5,7,18, 4, 5, 7,1,1,1,4,*,-, 27,-,1,9,-,4,   49,  47,201,195,,,,,,,,,,,,115
 8460,Hop,2,8,,6,10,7,10;3b;7,3,,3,2,5,x,,,3?,3,5?,3,,4,3?,4,x,,,1,1,2,x,,,,,,*,-,-,-,-,X,      0,      1,     0,     0,Z,Do,  2,1234,v,19,b2b4b3,4,6,17, 5, 7,12,1,1,2,4,*,-, 27,-,1,-,-,0,   68,  69,148,143,,,,,,,,,,,,116
 8480,Draaihals,1,8,4,6,10;11,3b,3;4;7,3,,2,1?,5,x,,,3,2?,4,3,,4,3,4,x,,,1,1,2,1?,1,5?,,,,*,-,tz,-,-,X,    125,    250,   100,   175,Z,Do, 23,1234,*,130,b1b2b4b3,5,7,13, 5, 8,14,1,1,2,4,*,-, 20,-,1,10,-,0,   40,  40, 89, 88,,,,,,,,,,,,117
 8550,Grijskopspecht,3,8,,6,,8,3;4;5,3,,2,1,4?,x,,,4,3?,5,,,3,2,4,x,,,x,,,1,1,1,,,,-,-,-,-,-,X,      -,      -,     -,     -,-,-,-,1234,-,1,b1b2,3,5,17, 4, 5,10,1,1,1,4,*,-, 26,-,1,6,-,0,  145, 142,149,148,,,,,,,,,,,,118
 8560,Groene Specht,1,8,,6,,8,3;4;5,3,,2,1,4?,x,,,4,3?,5,,,x,,,x,,,x,,,1?,,,,,,*,-,-,*,*,X,   4500,   7500,  3000,  4500,S,-,  1,1234,*,829,b1b2,4,5,18, 4, 6,11,1,1,1,4,*,-, 25,-,1,7,-,3,  177, 174,165,166,,,,,,,,,,,,119
 8630,Zwarte Specht,1,8,,6,,8,,6,3,1,1,2,,,,4,3?,5,,,x,,,x,,,x,,,1?,,,,,,-,-,-,*,*,X,   1500,   2500,  2300,  2900,S,-,  1,1234,*,554,b1b2,4,5,13, 4, 5, 9,1,1,1,4,*,-, 26,-,-,7,-,3,  300, 300,237,237,,,,,,,,,,,,120
 8760,Grote Bonte Specht,1,8,,6,,8,,6,7,1,1,2,,,,2,2,3,,,x,,,x,,,x,,,1?,,,,,,-,-,-,*,*,X,  10500,  17000, 40000, 50000,S,WDo,  1,1234,*,1163,b1b2,5,-,14, 3, 5, 8,1,1,1,4,*,-, 22,-,1,11,-,3,   75,  72,138,136,,,,,,,,,,,,121
 8830,Middelste Bonte Specht,1,8,,6,,8,,7,6,1,1,1,,,,2,2,3,,,3,2,4,x,,,3,2,3,1,,,,,,-,-,-,-,-,X,      0,      1,     0,     0,S,-,  1,134,i,5,b2,4,-,13, 4, 6, 8,1,1,1,4,*,-, 22,-,1,8,-,0,   66,  65,127,126,,,,,,,,,,,,122
 8870,Kleine Bonte Specht,1,8,,6,,8,,7,6,1,1,2,,,,2,2,3,,,x,,,x,,,x,,,1?,,,,,,-,-,-,*,-,X,   2500,   2500,  3000,  4500,S,-,  1,1234,*,488,b2,5,-,14, 3, 5, 8,1,1,1,4,*,-, 19,-,1,7,-,0,   21,  23, 89, 91,,,,,,,,,,,,123
 9720,Kuifleeuwerik,1,3b,3;4;6;9,6,,3b,3;4;6;9,3,,3,2,5,,,,3?,2,4?,3,,4,4,4,x,,,2,1,2,x,,,,,,*,-,tz,-,-,IX,   3000,   5000,  1000,  2000,S,WDo,  1,134,*,598,ea4,3,7,13, 3, 4, 6,2,2,3,1,-,-, 14,-,1,-,-,3,   45,  44,108,101,,,,,,,,,,,,124
 9740,Boomleeuwerik,1,3b,4;6;8,1,,3b,4;6;8,3,,3,1,5?,,,,3?,1,3,3,,4,4,4,x,,,3,1,2,1?,,,,,,-,-,-,*,-,X,   1000,   1200,  2500,  3000,SDe,WDo,  2,1234,*,335,a1a2b3,3,6,14, 1, 3, 6,2,2,3,1,-,-, 12,-,1,-,-,3,   29,  29, 98, 94,,,,,,,,,,,,125
 9760,Veldleeuwerik,1,10,3b;4;5;6,1,,10,3b;4;5;6,3,,5,3,5,,,,3?,1,3,,,x,,,x,,,x,,,x,,,,,,-,-,-,*,*,IX, 500000, 750000,175000,300000,SDe,WDo, 12,1234,*,1638,a1a2a4c1c,4,6,11, 3, 4, 7,2,2,3,1,-,-, 19,-,1,12,-,3,   45,  36,113,104,,,,,,,,,,,,126
 9810,Oeverzwaluw,1,1,,11,,1,2;3,8,,4,3,5,,,x,3,2,4,3,,1,1,4,x,2,3,3,x,x,x?,,,x,1,4,*,-,-,-,-,IX,   5000,   8000,  2500, 11000,Z,Do,  3,1234,*,606,d1,5,6,14, 3, 4, 7,2,2,2,2,*,-, 19,-,1,8,-,6,   13,  14,107,107,,,,,,,,,,,,127
 9920,Boerenzwaluw,1,9,,10,,10,1;2;9,8,,3,2,5,,,o,3,2,4,,,3,x,x,x,,,x,,,?,,,x,,,-,-,-,*,-,IX, 150000, 150000,100000,500000,Z,Do,  3,1234,*,1589,ec1c2c3,5,6,15, 3, 5, 8,2,2,3,4,-,-, 20,-,1,16,-,7,   19,  19,127,125,,,,,,,,,,,,128
10010,Huiszwaluw,1,9,,10,,10,1;2;9,8,,3,2,5,,,x,3,2,4,,,3,x,x,3,2,3,x,,,?,,,x,,,-,-,-,-,-,IX,  77000,  77000, 25000, 50000,Z,Do,  3,1234,*,1548,e,5,6,16, 2, 4, 6,2,2,3,4,-,*, 20,-,1,15,-,0,   18,  18,111,111,,,,,,,,,,,,129
10050,Duinpieper,1,4,3b,3,,3b,4,3,4,5,3,5,,,,3,2?,4,3,,4,4,4,x,,,1,1,2,x,,,,,,*,-,tz,-,-,IX,     75,     90,    50,    75,Z,Do,  3,1234,*,44,a1a2a4,5,7,13, 4, 5, 6,2,2,2,1,-,-, 13,-,1,-,-,5,   26,  25, 92, 87,,,,,,,,,,,,130
10090,Boompieper,1,8,4,3,,4,3;8,3,4;7,2,1,5,x,,,2,1,2?,x,,x,,,x,,,x,,,x,,,,,,-,-,-,*,-,IX,  18000,  22000, 40000, 55000,Z,Do,  3,1234,*,902,a1a2b3b4b,5,6,13, 4, 5, 8,1,1,2,1,-,-, 12,-,1,8,-,0,   22,  25, 89, 86,,,,,,,,,,,,131
10110,Graspieper,1,5,3;4,3,,5,3;4,3,4,5,3,5,,,,2,1,3,x,,3,x,x,x,,,x,,,x,,,,,,-,-,-,*,*,IX, 100000, 100000, 70000,100000,SDe,WDo,  2,123,*,1561,a1a2c1c2c,4,8,13, 3, 4, 7,2,2,2,1,-,-, 13,-,1,8,-,0,   18,  18, 82, 77,,,,,,,,,,,,132
10171,Gele Kwikstaart,1,6,4;5,3,,6,4;5,3,8,5,3,5,,,,2,1?,3,1,x,3,2,3,3,2,3,3,1?,3,x,,,,,,-,-,-,*,-,IX,  17000,  25000, 40000, 70000,Z,Do,  3,1234,*,1416,a4c2c3a1,5,8,13, 5, 6, 7,1,1,2,1,-,-, 13,-,1,8,-,3,   17,  17, 81, 77,,,,,,,,,,,,133
10190,Grote Gele Kwikstaart,1,1,7;8;9,11,10;2,1,5,2,1;2;8,2,1,4?,,,,3,2?,4,x,,1,1,3,3,2,3,x,,,1,1,1,4,2,5,-,-,-,-,-,IX,    130,    175,   225,   275,SDe,WDo, 12,1234,*,86,d1,3,8,12, 3, 5, 7,1,1,2,1,-,-, 12,-,1,6,-,9,   18,  17, 85, 81,,,,,,,,,,,,134
10201,Witte Kwikstaart,1,6,4;5,10,11,6,3;3b;4;5,3,2;8,4,2,5,,,,3,2?,3?,x,,x,,,x,,,x,,,x?,,,,,,-,-,-,*,*,IX,  50000,  75000, 60000,120000,SDe,WDo, 23,1234,*,1631,a1c1c2c3e,4,8,13, 3, 5, 7,1,1,2,3,-,-, 15,-,1,10,-,3,   22,  20, 91, 87,,,,,,,,,,,,135
10500,Waterspreeuw,3,1,,11,,1,,1,,x,,,,,,3,2?,4?,,,1,1,1,2?,2,3,2?,2,3,1,1,1,5,4,5,-,-,-,-,-,XI,      -,      -,     -,     -,-,WDo,  1,1234,v,14,d1,3,5,16, 3, 5, 8,2,2,3,1,-,-, 22,-,1,8,-,3,   69,  58, 95, 87,,,,,,,,,,,,136
10660,Winterkoning,1,8,7,11,3;4,8,7,5,3;4,1,1,2,,,,1,1,3,,,x,,,x,,,x,,,x,,,,,,-,-,-,*,*,X, 350000, 350000,300000,400000,S,WDo,  2,1234,*,1610,b1b2b3b4e,3,7,15, 5, 7,16,1,2,3,2,-,-, 16,-,1,6,-,0,   10,  10, 51, 47,,,,,,,,,,,,137
10840,Heggenmus,1,7,9,5a,,7,3;8,3,5,2,1?,5,x,,,1,1,3,,,x,,,x,,,x,,,x,,,,,,-,-,-,*,*,X, 125000, 170000,125000,200000,SDe,WDo,  2,1234,*,1550,b1b2b3b4e,3,7,12, 3, 4, 6,2,2,3,2,-,-, 12,-,1,9,-,0,   20,  21, 72, 69,,,,,,,,,,,,138
10990,Roodborst,1,8,7,11,5,8,7,3,4;5;8,1,1,3,,,,1,1,3,,,x,,,x,,,x,,,x?,,,,,,-,-,-,*,*,X, 120000, 170000,275000,375000,SDe,WDo,  2,1234,*,1417,b1b2b3,3,6,13, 3, 5, 9,2,2,3,2,-,-, 13,-,1,13,-,3,   18,  18, 74, 72,,,,,,,,,,,,139
11040,Nachtegaal,1,7,8,3,4,7,8,3,4;5,2,1,4,x,,,2,1,3,,,3,2,4,3,1,3,x,,,?,,,,,,-,-,-,*,-,X,   4500,   5000,  7500, 10000,Z,Do,  3,134,*,916,b2b3b4,5,6,13, 3, 4, 7,1,1,1,1,-,-, 12,-,1,8,-,2,   28,  24, 90, 86,,,,,,,,,,,,140
11060,Blauwborst,1,2,7,3,4;5a,2,3;7,3,4;5a;8,2,2,4,,,,2,1,3,,,2,2,3,x,,,x,,,1?,1,4?,,,,-,*,-,*,-,XI,    900,   1200,  2000,  3000,Z,Do, 23,1234,*,210,b2b3d1,4,6,14, 5, 6, 9,1,1,2,1,-,-, 14,-,1,-,-,2,   20,  18, 77, 74,,,,,,,,,,,,141
11210,Zwarte Roodstaart,1,9,,10,11,3,10;9,3,8,2,2,4?,,,,2,1?,3,,,x,,,x,,,x,,,?,,,,,,-,-,-,-,-,X,   3000,   4000, 20000, 28000,Z,WDo, 23,1234,*,1058,e,4,6,14, 4, 5, 6,2,2,3,4,*,-, 17,-,1,8,-,2,   18,  18, 88, 85,,,,,,,,,,,,142
11220,Gekraagde Roodstaart,1,8,7,6,10;11,8,7,8,3;5;7,2,1,3,x,,,2,1?,3,,,x,,,x,,,x,,,?,,,,,,-,-,-,*,-,X,  50000,  60000, 35000, 50000,Z,Do,  3,1234,*,1273,b1b2b4a1,4,6,12, 4, 6,10,2,2,2,4,*,-, 15,-,1,9,-,2,   18,  17, 81, 79,,,,,,,,,,,,143
11370,Paapje,1,3,4;5;7,3,,3,4;5;7,3,4;5,4,3,5,,,,3,2?,3?,,,3,2,4,x,,,x,,,x?,1,4,,,,*,-,tz,*,-,IX,   1250,   1750,   700,  1000,Z,Do,  3,1234,*,656,a1a2a4b3c,4,6,13, 4, 6, 7,1,2,2,1,-,-, 13,-,1,5,-,2,   16,  18, 76, 73,,,,,,,,,,,,144
11390,Roodborsttapuit,1,7,3;4,2,4,4,3;7,3,4;5;8,3,3,5,,,,3,2,3?,,,x,,,x,,,x,,,x,,,,,,*,-,-,*,-,IX,   4000,   5800,  1600,  2300,Z,WDo,  2,1234,*,764,a1a2b3c1c,4,6,14, 3, 5, 8,2,2,3,1,-,-, 15,-,1,5,-,2,   16,  17, 67, 66,,,,,,,,,,,,145
11460,Tapuit,1,3b,4,11,,3b,4,3,8,4,3,5,,,,3,2,3?,3,,4,3?,4,x,,,x,,,x?,,,,,,*,-,-,*,-,IX,   1400,   1600,  1900,  2500,Z,Do,  3,1234,*,668,a1a2c1,4,6,14, 3, 5, 8,1,2,2,1,*,-, 15,-,1,7,-,2,   26,  24, 96, 92,,,,,,,,,,,,146
11870,Merel,1,9,7;8,5,3;6,9,5;7;8,3,5,2,1,3,,,,1,1,3,,,x,,,x,,,x,,,?,,,,,,-,-,-,*,*,X, 575000, 850000,600000,900000,SDe,WDo, 12,1234,*,1625,b1b2b3b4e,3,7,14, 3, 5, 9,2,3,4,3,-,-, 13,-,1,16,-,3,   86,  91,133,128,,,,,,,,,,,,147
11980,Kramsvogel,1,8,9?,7,3,5,7;8,3,5;6;7,2,2,4,x,o,x,3?,2,4?,,,3,x,x?,x,,,3,2,3,1?,,,,,,-,-,-,-,*,X,      1,     75,   650,   900,SDe,WDo, 12,123,*,149,b1b2b4,4,6,12, 3, 5, 8,2,2,2,3,-,*, 14,-,1,18,-,3,  107, 102,147,144,,,,,,,,,,,,148
12000,Zanglijster,1,8,7;9,5a,5b,5,10;3;8,3,,2,1,3,,,,2,1,3,,,3,x,x,x,,,3,x,x,?,,,,,,-,-,-,*,*,X, 100000, 160000,125000,200000,SDe,WDo, 12,1234,*,1574,b1b2b3b4,3,7,13, 3, 5, 9,2,2,4,4,-,-, 13,-,1,14,-,3,   68,  68,122,120,,,,,,,,,,,,149
12020,Grote Lijster,1,8,9,5b,3;5a;7,5,10;8,3,,2,1,4,,,,3,2?,4,,,3,x,x,x,,,3,x,x,?,,,,,,-,-,-,*,*,X,  20000,  30000, 25000, 35000,SDe,WDo,  2,1234,*,1268,b1b2b4,3,6,13, 3, 4, 6,2,2,2,4,-,-, 15,-,1,11,-,3,  109, 109,156,152,,,,,,,,,,,,150
12200,Cetti's Zanger,2,7,2,4,3;5a,7,2,3,4;5,2,2,3?,,,,2?,1?,3?,,,2,2,3,3,2,3,3,2,3,1?,1,4?,,,,-,-,-,-,-,XI,     60,     60,    10,    20,Z,WDo,  2,14,i,56,b3d1,6,6,16, 3, 4, 5,1,1,1,2,-,-, 28,-,1,5,-,0,   13,  10, 60, 53,,,,,,,,,,,,151
12260,Graszanger (Waaierstaartzanger),2,3,,4,,3,,3,4,4,3,5,,,,2,1,3?,,,x,,,x,,,x,,,x,,,,,,-,-,-,-,-,XI,     30,     30,    15,    15,Z,Do,  2,14,i,28,a4d1c2,3,9,12, 4, 5, 6,2,2,3,2,-,-, 13,-,1,-,-,-,    9,   9,  -,  -,,,,,,,,,,,,152
12360,Sprinkhaanzanger,1,2,3,3,4,2,3,4,3;5a,3,2,5,,,,2,1,3,,,2,2,3,3,1?,3,3,2,3,x?,,,,,,-,-,-,*,-,XI,   1500,   2000,  3000,  5000,Z,Do,  3,1234,*,560,b3d1a1a2c,4,7,14, 4, 6, 7,1,1,2,1,-,-, 11,-,1,5,-,0,   14,  14, 65, 64,,,,,,,,,,,,153
12370,Krekelzanger,2,7,3;8,3,4,7,3;8,4,3;5,3,2,5?,,,,2?,1?,3?,,,3,2,3,3,2,3,3,2,3,1?,,,,,,-,-,-,-,-,XI,      -,      -,     -,     -,-,-,-,1234,i,-,b3d1,5,7,13, 4, 5, 7,1,1,1,1,-,-,  -,-,1,-,-,0,   20,  20, 77, 75,,,,,,,,,,,,154
12380,Snor,1,2,7,4,3,2,7,4,2;3,4?,2,5,,,,2,1,3,,,2,2,2,3,2,3,3,2?,3,1,1,3,,,,*,-,tz,*,-,XI,   1750,   3000,  1500,  2500,Z,Do,  3,1234,*,377,d1,4,7,12, 3, 4, 6,2,2,2,1,-,-, 13,-,1,-,-,0,   15,  15, 69, 68,,,,,,,,,,,,155
12420,Waterrietzanger,3,2,,4,,2,,4,5a,4,3,5,,,,2,1?,3,,,2,2,2,2,2,3,2,2,3,1,1,2,,,,-,-,-,-,-,XI,      -,      -,     -,     -,Z,Do,  3,34,i,7,d1b3,5,7,-, 4, 5, 6,1,1,1,2,-,-, 13,-,1,-,-,0,   12,  12, 63, 61,,,,,,,,,,,,156
12430,Rietzanger,1,2,3;7,4,5a,2,3;7,4,5a,3,2,5,,,,2,1,3,,,2,2,3,3,2,3,3,2,3,1,1,4?,,,,*,-,-,*,-,XI,  17500,  30000, 15000, 20000,Z,Do,  3,1234,*,961,d1b3,5,6,13, 3, 5, 8,1,1,1,2,-,-, 13,-,1,-,-,0,   13,  13, 66, 65,,,,,,,,,,,,157
12500,Bosrietzanger,1,7,2;3,4,5a,7,2;3,4,5a,2,1,3,,,,1,1,2,,,3,2,3,3,2,3,3,2,3,x?,,,,,,-,-,-,*,-,XI,  15000,  22500, 40000, 70000,Z,Do,  3,1234,*,1377,b3c3d1,5,6,12, 3, 5, 7,1,1,1,2,-,-, 12,-,1,8,-,0,   13,  15, 70, 68,,,,,,,,,,,,158
12510,Kleine Karekiet,1,2,,9,5,2,3;7,9,3;4;8,4,2,5,,,,1,1,2,,,2,2,3,3,2,3,3,2,3,1,1,3,,,,-,-,-,*,-,XI,  30000,  50000, 70000,110000,Z,Do,  3,1234,*,1250,d1,5,7,11, 3, 4, 6,1,1,1,2,-,-, 12,-,1,12,-,0,   13,  13, 67, 65,,,,,,,,,,,,159
12530,Grote Karekiet,1,2,,9,,9,7,9,4;8,4,2,5,,,,2,1?,3,,,2,2,2,3,2,3,3,2,3,1,1,3,,,,*,-,tz,*,-,XI,   1200,   1600,   350,   550,Z,Do,  3,1234,*,441,d1,5,6,14, 3, 5, 6,1,1,1,2,-,-, 12,-,1,9,-,0,   35,  32, 99, 95,,,,,,,,,,,,160
12590,Spotvogel,1,7,8;9,5b,5a;7,7,8;9,5b,5a;7;8,2,1,4,x,,,2,1?,3,,,3,2,4,x,,,3,2,3,x?,,,,,,-,-,-,*,-,X,  30000,  45000, 35000, 55000,Z,Do,  3,1234,*,1549,b2b3b4,5,7,13, 4, 5, 6,1,1,1,4,-,-, 13,-,1,6,-,0,   15,  16, 80, 77,,,,,,,,,,,,161
12600,Orpheusspotvogel,2,7,8,5a,,7,8,5,7;8,2,1,4,x,,,2?,1?,3,,,3,2,4,x,,,3,1?,3,x,,,,,,-,-,-,-,-,X,      -,      -,     -,     -,-,-,-,134,-,-,b2b3b4,5,7,12, 3, 4, 5,1,1,2,3,-,-, 12,-,1,-,-,0,   11,  12, 68, 66,,,,,,,,,,,,162
12730,Sperwergrasmus,3,7,,5a,4,7,,4,5,2,2,4?,,,,?,,,x,,3,2,4,x?,,,x?,,,1,,,,,,-,-,-,-,-,X,      -,      -,     -,     -,-,Do,-,1234,-,-,b3b2,5,-,14, 4, 5, 6,1,1,2,3,-,-, 13,-,1,10,-,6,   24,  24, 88, 87,,,,,,,,,,,,163
12740,Braamsluiper,1,7,9,5a,5b,7,9,5,4;7,2,2,4,x,,,2?,1?,3,,,x,,,x,,,3,2,3,x,,,,,,-,-,-,*,-,X,  10000,  15000, 15000, 30000,Z,Do,  3,1234,*,1300,b3b4b2,5,6,11, 3, 5, 7,1,1,2,2,-,-, 11,-,1,7,-,0,   12,  12, 65, 67,,,,,,,,,,,,164
12750,Grasmus,1,7,,4,3;5,7,,4,5,2,2,5,,,,1,1,3,,,3,2,4,x,,,3,2,3,x,,,,,,-,-,-,*,-,X,  40000,  60000, 50000, 75000,Z,Do,  3,1234,*,1518,b3b4a1,5,7,12, 3, 5, 7,1,2,2,2,-,-, 11,-,1,9,-,0,   14,  15, 73, 71,,,,,,,,,,,,165
12760,Tuinfluiter,1,7,8;9,4,5a,7,8;9,5,4;7,2,1,5,x,,,1,1,2,,,x,,,x,,,x,,,x?,,,,,,-,-,-,*,-,X,  50000,  75000,100000,200000,Z,Do,  3,1234,*,1522,b1b2b3b4,5,7,12, 3, 5, 7,1,1,2,3,-,-, 11,-,1,7,-,0,   17,  19, 77, 78,,,,,,,,,,,,166
12770,Zwartkop,1,8,7;9,5a,5,8,7;9,5,4;7,1,1,2,,,,1,1,2?,,,x,,,x,,,x,,,x?,,,,,,-,-,-,*,-,X,  30000,  50000, 70000,120000,Z,WDo, 23,1234,*,1381,b1b2b3b4,4,7,13, 4, 5, 6,1,1,2,4,-,-, 11,-,1,7,-,0,   17,  17, 74, 74,,,,,,,,,,,,167
13070,Bergfluiter,2,8,7,3,,8,7,7,8,1,1,2,,,,2?,1?,2?,,,4,3,4,x,,,x,,,?,,,,,,-,-,-,-,-,X,      1,      5,     0,     2,Z,Do,  2,14,i,5,b2b1b3,5,-,-, 4, 5, 6,1,1,1,1,-,-,,-,1,-,-,0,    9,   9, 63, 61,,,,,,,,,,,,168
13080,Fluiter,1,8,,3,,8,,7,8,1,1,1,,,,2,1,2,,,x,3,4,x,,,x,,,?,,,,,,-,-,-,*,-,X,   1500,   2500,  4000,  7000,Z,Do,  3,1234,*,586,b2,5,6,13, 4, 6, 8,1,1,2,1,-,-, 11,-,1,-,-,0,   10,  10, 76, 72,,,,,,,,,,,,169
13110,Tjiftjaf,1,8,7;9,3,4,8,7;9,7,8,1,1,3,,,,2,1?,3,,,x,,,x,,,x,,,x?,,,,,,-,-,-,*,-,X,  80000, 125000,125000,225000,Z,WDo, 23,1234,*,1498,b1b2b3b4,4,6,13, 4, 5, 9,1,2,2,2,-,-, 13,-,1,6,-,0,    8,   8, 61, 57,,,,,,,,,,,,170
13120,Fitis,1,7,8,3,,7,8,5,4;7,2,1,4,,,,1,1,2,,,x,,,x,,,x,,,x,,,,,,-,-,-,*,-,X, 200000, 300000,250000,400000,Z,Do,  3,1234,*,1613,b1b2b3b4,4,6,13, 3, 5, 9,1,2,2,1,-,-, 13,-,1,7,-,0,    9,   9, 70, 64,,,,,,,,,,,,171
13140,Goudhaan,1,8,,7,5b,8,,7,3;4;5,1,1,1,,,,1,1,2,,,x,,,x,,,x,,,x,,,,,,-,-,-,*,*,X,  25000,  50000, 40000, 60000,SDe,WDo, 12,1234,*,753,b1,4,6,14, 7, 9,13,2,2,2,4,-,-, 19,-,1,7,-,2,    6,   6, 55, 53,,,,,,,,,,,,172
13150,Vuurgoudhaan,1,8,,7,5b,8,,7,3;4;5,1,1,2,,,,1?,1,2?,,,x,,,x,,,x,,,x,,,,,,-,-,-,-,-,X,   1750,   3000,  5000,  8000,SDe,WDo,  2,1234,*,369,b1,4,-,14, 7, 9,12,2,2,2,4,-,-, 19,-,1,4,-,2,    6,   6, 56, 53,,,,,,,,,,,,173
13350,Grauwe Vliegenvanger,1,8,9,6,10;11;7,8,9,8,,1,1,3,,,,1,1,2,,,x,,,x,,,x,,,x,,,,,,-,-,-,*,-,X,  25000,  40000, 50000,100000,Z,Do,  3,1234,*,1406,b2b4,5,6,13, 2, 4, 7,1,1,2,4,*,-, 13,-,1,9,-,2,   15,  15, 88, 87,,,,,,,,,,,,174
13430,Kleine Vliegenvanger,2,8,,6,10;11;7,8,,5b,7;8,1,1,1?,,,,2?,1,2?,,,x,,,x,,,3,2,3,x,,,,,,-,-,-,-,-,X,      0,      0,     0,     1,Z,Do,-,1234,i,2,b2,5,6,-, 4, 5, 7,1,1,1,4,*,-, 13,-,1,-,-,2,   10,  10, 67, 67,,,,,,,,,,,,175
13490,Bonte Vliegenvanger,1,8,9,6,10;11,8,9,7,5;6;8,1,1,2,,,,2,2,3?,,,x,,,x,,,x,,,x,,,,,,-,-,-,*,-,X,   7000,   9000, 15000, 25000,Z,Do,  3,1234,*,761,b1b2,4,6,13, 1, 6,11,1,1,1,3,*,-, 16,-,1,9,-,2,   13,  14, 80, 79,,,,,,,,,,,,176
13640,Baardmannetje,1,2,,9,4,2,,9,2;3;4;5a,4,3,5,,x,,2?,2,3,,,2,2,2,3,3?,3,3,3?,3,1,1,3,,,,*,*,it,-,-,XI,   7500,   8000,   700,  1400,SDe,WDo, 12,1234,*,234,d1,4,7,12, 5, 6,12,2,2,3,2,-,-, 10,-,1,6,-,0,   16,  16, 61, 59,,,,,,,,,,,,177
14370,Staartmees,1,8,9,5,7,8,7;9,7,4;5,2,1,3,x?,,,2,2,3,,,x,,,x,,,x,,,x?,,,,,,-,-,-,*,*,X,  10000,  20000, 20000, 40000,S,WDo,  1,1234,*,1024,b1b2b3b4,3,4,13, 5,10,16,1,1,2,3,-,-, 15,-,1,8,-,1,    8,   8, 64, 62,,,,,,,,,,,,178
14400,Glanskop,1,8,,6,11,8,,5,3;6;7,1,1,2,,,,2?,1,3,,,x,,,x,,,3,2,3,x?,,,,,,-,-,-,*,*,X,   4000,   7000, 13000, 20000,S,-,  1,1234,*,640,b2b3,4,6,15, 5, 8,11,1,1,2,4,*,-, 17,-,1,10,-,0,   11,  11, 66, 63,,,,,,,,,,,,179
14420,Matkop,1,8,7,6,11,8,7,5,6;7,2,1,3,,,,2?,2?,3,,,3,2,4,x,,,x,,,x?,,,,,,-,-,-,*,*,X,  25000,  30000, 40000, 60000,S,-,  1,1234,*,1131,b1b2b3,4,6,14, 5, 8,13,1,1,1,4,*,-, 18,-,1,9,-,0,   11,  10, 64, 62,,,,,,,,,,,,180
14540,Kuifmees,1,8,,6,11,8,,7,6,1,1,2,,,,2,1,3,,,x,,,x,,,x,,,x,,,,,,-,-,-,*,*,X,  15000,  20000, 30000, 45000,S,-,  1,1234,*,601,b1,4,5,15, 4, 6,11,1,1,2,3,*,-, 18,-,1,5,-,3,   12,  11, 64, 61,,,,,,,,,,,,181
14610,Zwarte Mees,1,8,,6,11,8,,7,6,1,1,2,,,,2,1,3,,,x,,,x,,,x,,,x,,,,,,-,-,-,*,*,X,  25000,  30000, 60000, 85000,S,WDo, 12,1234,*,695,b1,4,7,16, 7, 8,12,1,2,2,4,*,-, 17,-,1,7,-,2,   10,  10, 64, 61,,,,,,,,,,,,182
14620,Pimpelmees,1,8,9,6,10;11,8,2;7;9,7,5,1,1,3,,,,1,1,2?,,,x,,,x,,,x,,,x,,,,,,-,-,-,*,*,X,  80000, 125000,125000,200000,S,WDo, 12,1234,*,1539,b1b2b4b3e,4,5,14, 5, 9,16,1,2,2,4,*,-, 19,-,1,14,30,2,   12,  11, 69, 66,,,,,,,,,,,,183
14640,Koolmees,1,8,9,6,10;11,8,7;9,7,3;5,1,1,3,,,,1,1,2?,,,x,,,x,,,x,,,x,,,,,,-,-,-,*,*,X, 175000, 250000,250000,500000,S,WDo, 12,1234,*,1580,b1b2b3b4e,4,5,14, 7,10,15,1,2,2,4,*,-, 20,-,1,5,50,2,   18,  17, 76, 74,,,,,,,,,,,,184
14790,Boomklever,1,8,,6,,8,,6,,1,1,2,,,,2,1,3,,,x,,,x,,,3,2,3,1,1,2,,,,-,-,-,*,*,X,   5000,   6000, 10000, 17500,S,-,  1,1234,*,532,b2,4,5,16, 4, 7,13,1,1,2,4,*,-, 24,-,1,9,-,0,   22,  21, 88, 85,,,,,,,,,,,,185
14860,Taigaboomkruiper,1,8,,6,,8,,6,,1,1,2,,,,2?,2?,3?,,,x,,,x,,,x,,,x,,,,,,-,-,-,-,-,X,      0,      1,     0,     0,S,WDo,  1,1234,i,3,b1b2,4,6,15, 3, 6, 9,2,2,2,4,-,-, 14,-,1,9,-,0,    9,   9, 66, 62,,,,,,,,,,,,186
14870,Boomkruiper,1,8,,6,10,8,,6,,1,1,3,,,,2,2,3,,,x,,,x,,,3,1,3,x?,,,,,,-,-,-,*,*,X,  30000,  50000, 60000,100000,S,-,  1,134,*,1176,b2b3b4b1e,3,6,15, 6, 6, 7,1,2,2,4,-,-, 16,-,1,6,-,0,,, 64, 60,,,,,,,,,,,,187
14900,Buidelmees,1,2,7;8,5,7,2,7;8,9,4;5;7,3,2,4,,x?,,3,2,3,,,2,2,3,3,3?,3,3,2,3,1,1,3,,,,-,-,-,-,-,XI,      0,      1,     0,     7,Z,Do,  1,1234,*,3,d1,4,6,13, 5, 7,10,1,1,2,4,-,-, 17,-,1,-,-,6,   10,  10, 56, 55,,,,,,,,,,,,188
15080,Wielewaal,1,8,,7,,8,,7,,2,1,3,,,,3,2,4,,,3,2,4,x,,,3,2?,3,?,,,,,,-,-,-,*,-,X,   4000,   5000,  7000, 10000,Z,Do,  3,1234,*,1090,b2,5,6,14, 3, 4, 6,1,1,2,4,-,-, 14,-,1,-,-,0,   75,  72,156,152,,,,,,,,,,,,189
15150,Grauwe Klauwier,1,7,,5a,5b,8,10,3,8,2?,2,4,,,,3,2?,3?,,,x,,,x,,,x,,,x,,,,,,*,-,tz,-,-,IX,    200,    250,    80,   175,Z,Do,  3,1234,*,160,b3a1,5,7,15, 5, 6, 7,1,1,1,3,-,-, 14,-,1,7,-,6,   28,  29, 95, 95,,,,,,,,,,,,190
15200,Klapekster,2,8,7,7,5,4,10;7;8,3,8,3,2,4,x,,,4,3,5,3,,x,,,x,,,x,,,x,,,,,,*,-,tz,-,-,IX,     25,     25,    12,    28,S,WDo,  2,1234,*,82,a1b3,4,6,15, 5, 6, 9,1,1,1,4,-,-, 19,-,1,-,-,0,   71,  69,113,112,,,,,,,,,,,,191
15230,Roodkopklauwier,3,8,7,5b,7,7,10;8,3,8,2,1,1,x,,,3,2?,3?,,,4?,,,3?,,,x,,,x,,,,,,*,-,-,-,-,IX,      -,      -,     -,     -,-,Do,  3,134,v,8,b3,4,6,16, 5, 6, 7,1,1,2,4,-,-, 19,-,1,-,-,6,   35,  37,100,100,,,,,,,,,,,,192
15390,Gaai,1,8,7,7,5b,8,7,x,,1,1,3,,,,3,2?,3,,,x,,,x,,,x,,,x,,,,,,-,-,-,*,*,X,  40000,  40000, 30000, 60000,S,WDo,  1,1234,*,1210,b1b2b3e,4,5,16, 3, 6,10,1,1,1,4,-,-, 20,-,1,18,-,0,  172, 164,187,182,,,,,,,,,,,,193
15490,Ekster,1,9,7;8,7,5,9,x,x,,2,2,4?,x,o,,3,2,3,,,x,,,x,,,3,x,x,x,,,,,,-,-,-,*,*,X,  50000, 100000, 60000,120000,S,-,  1,1234,*,1506,b1b2b4e,4,-,17, 5, 7,10,1,1,1,4,-,-, 24,-,1,15,-,0,  233, 204,195,185,,,,,,,,,,,,194
15600,Kauw,1,8,4;9,6,10;11,5,10;6,3,,3?,2,4?,,x,o,3,3,5?,,,x,,,x?,,,3,1,3,x,,,,,,-,-,-,*,*,X,  50000, 100000, 60000,120000,S,WDo, 12,1234,*,1446,a1b2b3b4e,4,-,17, 2, 5, 9,1,1,1,4,*,*, 32,-,1,14,-,3,  233, 225,235,223,,,,,,,,,,,,195
15630,Roek,1,8,,7,,5,6,3,,4,3?,5,x,x,x,5?,4?,6,,,3,2,4,3,2,3,3,2,3,?,,,,,,-,-,-,-,*,X,  12000,  12000, 20000, 30000,SDe,WDo,  1,1234,*,411,b2e,4,5,18, 3, 4, 9,1,1,1,4,-,*, 29,-,1,20,-,7,  523, 473,325,307,,,,,,,,,,,,196
15671,Zwarte Kraai,1,8,7;9,7,5b,10,x,3,x,2,1,5?,,o,,3,2,4,,,x,,,x,,,3,x,x,x,,,,,,-,-,-,*,*,X,  30000,  40000, 50000, 80000,S,-,  1,1234,*,1504,b1b2b4e,4,6,19, 4, 5, 7,1,1,1,4,-,-, 30,-,1,15,-,0,  559, 481,331,317,,,,,,,,,,,,197
15673,Bonte Kraai,2,8,7;9,7,5b,10,x,3,x,2,1,5?,,o,,3,2,4,,,x,,,x,,,3,x,x,x,,,,,,-,-,-,-,-,X,      0,      1,     1,     5,S,WDo,  1,1234,i,13,b1b2b4,5,-,19, 4, 5, 7,1,1,1,4,-,-, 30,-,1,15,-,0,,,331,317,,,,,,,,,,,,198
15720,Raaf,1,8,,7,,10,x,3,x,2,1,5,,o,,5,4?,6?,,,x,,,x,,,x,,,x,,,,,,*,-,-,-,-,X,      4,     10,     4,     9,S,-,  1,1234,*,31,b1b2,2,-,20, 3, 5, 7,1,1,1,4,-,-, 37,-,2,16,-,0, 1275,1275,442,435,,,,,,,,,,,,199
15820,Spreeuw,1,9,8,10,6,5,8;9,3,7,3,2,5?,x,x,o,3?,3,5,,,x,,,x,,,3,2,3,x,,,,,,-,-,-,*,*,X, 725000, 725000,500000,500000,SDe,WDo, 12,1234,*,1603,b1b2b4e1b,4,-,13, 4, 6, 9,1,2,2,4,*,-, 12,-,1,20,-,3,   81,  76,132,128,,,,,,,,,,,,200
15910,Huismus,1,9,7,10,11,9,10;7,3,4;5,2,1,4?,,x,o,2?,1?,3,,,3,x,x,x,,,x,,,x,,,,,,-,-,-,*,*,IX,1000000,2000000,500000,500000,S,-,  1,1234,*,1602,e,5,-,12, 3, 4, 8,2,3,3,4,-,*, 15,-,1,12,-,0,   30,  31, 75, 74,,,,,,,,,,,,201
15980,Ringmus,1,9,8,6,10;7,10,7;9,3,4;5,3?,1,4?,x,x,o,2?,1?,3,,,x,,,x,,,3?,2?,3,x?,,,,,,-,-,-,*,*,X, 500000, 750000,100000,500000,S,-,  2,1234,*,1536,b1b2b4c3e,4,-,12, 2, 5, 9,2,2,3,4,-,*, 13,-,1,10,-,0,   24,  23, 71, 69,,,,,,,,,,,,202
16360,Vink,1,8,7,7,5b,8,10,7,3;4,1,1,4,,,,1,1,3?,,,4,2,4,x,,,x,,,?,,,,,,-,-,-,*,*,X,  60000,  90000,250000,400000,SDe,WDo, 12,1234,*,1469,b1b2b4,4,5,12, 2, 4, 8,1,1,2,4,-,-, 13,-,1,14,-,0,   23,  21, 89, 84,,,,,,,,,,,,203
16380,Keep,1,8,,5,5b,8,10,7,3;4,1,1,2,,,,2,1,3?,,,4,2,4,x,,,x,,,?,,,,,,-,-,-,-,*,X,     30,     30,    50,   150,SDe,WDo, 12,123,i,132,b1b2b4,5,7,11, 4, 6, 8,1,1,2,4,-,-, 14,-,1,9,-,0,   25,  24, 90, 84,,,,,,,,,,,,204
16400,Europese Kanarie,1,9,7;8,5b,5a;7,9,10;7;8,3,5;7,2,2,4,x,,,2,1?,3,,,4,3,4,3,1?,3,3,2,3,?,,,,,,-,-,-,-,-,X,    245,    400,   100,   550,Z,Do,  2,1234,*,118,b2b3e,4,-,13, 3, 4, 5,2,2,2,4,-,-, 15,-,1,9,-,2,   12,  12, 73, 70,,,,,,,,,,,,205
16490,Groenling,1,9,7;8,7,5,9,10;3;7;8,5,3;7,2,2,4,x,x?,o,2,1,3,,,3,3,4,3,1,3,3,2,3,?,,,,,,-,-,-,*,*,X,  40000,  60000, 40000, 80000,SDe,WDo,  2,1234,*,1511,b1b3e,4,5,13, 3, 5, 8,2,2,3,4,-,-, 14,-,1,13,-,3,   28,  28, 88, 86,,,,,,,,,,,,206
16530,Putter,1,9,7;8,7,5b,3,7;8;9,4,3;5,2,2,4,x,,,2,1,3,,,3,3,4,3,1,3,3,2,3,?,,,,,,-,-,-,-,*,X,   3000,   4500,  4000,  7000,S,WDo,  2,1234,*,737,b4b3b2e,4,5,13, 3, 5, 7,2,2,3,4,-,-, 14,-,1,8,-,3,   16,  16, 81, 78,,,,,,,,,,,,207
16540,Sijs,1,8,,7,,8,,7,,1,1,3,,,,2,2?,4?,,,x,,,x,,,x,,,x,,,,,,-,-,-,-,*,X,     25,     30,   300,   700,SDe,WDo, 12,1234,*,163,b1b2,4,5,12, 2, 4, 6,2,2,2,4,-,-, 15,-,1,11,-,3,   13,  13, 73, 71,,,,,,,,,,,,208
16600,Kneu,1,7,,5a,,10,,3,4,3,2,5?,x,x,o,3,1,4,,,4?,x,x,x,,,x,,,x,,,,,,-,-,-,*,*,X,  75000, 100000, 60000,130000,SDe,WDo,  2,1234,*,1605,a1a2b3b4e,4,-,13, 4, 5, 7,2,2,3,2,-,-, 12,-,1,9,-,0,   20,  20, 81, 79,,,,,,,,,,,,209
16630,Barmsijs,1,8,7,7,4;5,8,7,7,3,2,2,4?,x,x,o,3,1,4,,,x,,,x,,,x,,,x?,,,,,,-,-,-,*,-,X,    428,    617,   600,  1000,SDe,WDo, 12,123,*,147,b1b2b3a1,4,6,12, 3, 4, 7,1,1,2,4,-,*, 12,-,1,8,-,3,   14,  14, 75, 74,,,,,,,,,,,,210
16634,Kleine Barmsijs,1,8,7,7,4;5,8,7,7,3,2,2,4?,x,x,o,3,1,4,,,x,,,x,,,x,,,x?,,,,,,,,,,,,,,,,,,,,,,,,,,,,,,,,,,,,,,,,,,,,,,,,,,,,,,,,211
16660,Kruisbek,1,8,,7,,8,,7,,1,1,3,,x,,3,2,4,,,x,,,x,,,x,,,x?,,,,,,-,-,-,-,-,X,    350,    400,   400,  5500,SDe,WDo, 12,1234,*,100,b1,3,-,14, 2, 3, 5,1,1,1,4,-,-, 20,-,1,-,-,12,   41,  40,100, 97,,,,,,,,,,,,212
16680,Grote Kruisbek,2,8,,7,,8,,7,,1,1,3,,x,,3,2,4,,,x,,,x,,,x,,,x?,,,,,,-,-,-,-,-,X,      -,      -,     -,     -,-,-,-,123,i,-,b1,3,-,15, 2, 3, 5,1,1,2,4,-,-, 25,-,1,-,-,12,   53,  51,  -,  -,,,,,,,,,,,,213
16790,Roodmus,1,8,7,5a,5b,3,10;7;8,5,3;4;7,2,2,4?,x,x?,,3,2?,4,,,2,2,3,3,1?,3,3,2,3,x?,,,,,,-,-,-,-,-,X,      -,      -,     -,     -,Z,Do,-,1234,*,-,d1b3,5,-,13, 3, 5, 6,1,1,1,3,-,-, 14,-,1,-,-,0,   23,  24, 85, 83,,,,,,,,,,,,214
17100,Goudvink,1,8,7;9,5a,5b;7,8,7;9,5,3;4;7,2,1,4,x?,x,o,3,1,4,,,x,,,x,,,x,,,x?,,,,,,-,-,-,*,*,X,   4000,   5000, 15000, 20000,S,WDo,  1,1234,*,713,b1b2b3,4,5,13, 4, 5, 7,1,2,3,3,-,-, 14,-,1,17,-,3,   28,  29, 89, 88,,,,,,,,,,,,215
17170,Appelvink,1,8,,7,5,8,5,7,3;5,1,1,3,,x,o,3,1,4,,,x,,,x,,,3,x,x,x?,,,,,,-,-,-,*,-,X,   1250,   1250,  3000, 12000,SDe,WDo,  2,1234,*,331,b2,4,5,12, 2, 5, 7,1,1,2,4,-,-, 12,-,1,10,-,3,   60,  58,104,103,,,,,,,,,,,,216
18570,Geelgors,1,3b,4;5;6;7;8,3,4;5a,3b,10;3;4,3,,2,2,4,x,,,3,1?,4,3,x,4,3,4,x,,,x,,,x?,,,,,,*,-,-,*,*,IX,  20000,  30000, 25000, 30000,SDe,WDo,  2,1234,*,934,a1b3c3,4,-,12, 2, 4, 6,2,2,3,2,-,-, 12,-,1,12,-,3,   30,  30, 92, 86,,,,,,,,,,,,217
18660,Ortolaan,2,6,4;7,3,,6,3;3b,3,,3,2,4,x,,,3,1?,4,3,x,4,3,4,3,1?,3,x,,,x?,,,,,,*,-,tz,-,-,IX,    190,    225,    30,   130,Z,Do,  3,1234,*,66,c3b3,5,6,12, 4, 5, 6,2,2,2,1,-,-, 12,-,1,-,-,3,   23,  23, 87, 83,,,,,,,,,,,,218
18770,Rietgors,1,2,3;7,3,4,2,3;7,5a,3;4;8,3,2,5,,,,2,1,3?,x,,2,2,3,x,,,x,,,x,,,,,,-,-,-,*,*,XI,  25000,  30000, 40000, 70000,SDe,WDo, 12,1234,*,1453,d1,4,6,13, 4, 5, 7,2,2,3,2,-,-, 11,-,1,11,-,3,   21,  19, 81, 76,,,,,,,,,,,,219
18820,Grauwe Gors,1,6,3;3b;5,3,4;5a,6,3;3b;5,3,,4,3,5,,,,3?,2,4?,x,,x,,,3,x,x,x,,,x,,,,,,*,-,tz,-,-,IX,    400,    800,   275,   850,S,WDo,  2,1234,*,302,c1c3a1a4,4,6,13, 1, 5, 7,1,2,3,3,-,-, 12,-,1,10,-,0,   51,  51,102, 94,,,,,,,,,,,,220
   70,Dodaars,1,1,,2,,1,,1,2,3,2,5,,,,2,1,2,x,,1,1,1,2,1,3,2,1,3,1,1,3,1,1,2,*,-,tz,*,*,II,   1500,   2000,  1000,  1300,SDe,WDo,  2,1234,*,685,d1,4,7,22, 2, 5, 7,2,2,3,1,-,-, 46,*,1,13,-,3,  221, 180,101, 99,,,,,,,,,,,,1
   20,Roodkeelduiker,,,,,,,,,,,,,,,,,,,,,,,,,,,,,,,,,,,,-,-,-,-,-,I,      -,      -,     -,     -,-,WDo,-,123,-,-,d1,5,9,27, 1, 2, 3,1,1,1,1,-,-, 43,*,2,24,-,4, 1729,1477,283,275,,,,,,,,,,,,
   30,Parelduiker,,,,,,,,,,,,,,,,,,,,,,,,,,,,,,,,,,,,-,-,-,-,-,I,      -,      -,     -,     -,-,WDo,-,23,-,-,d1,5,6,28, 2, 2, 3,1,1,1,1,-,-, 62,*,2,27,90,4, 2358,2080,324,309,,,,,,,,,,,,
   40,IJsduiker,,,,,,,,,,,,,,,,,,,,,,,,,,,,,,,,,,,,-,-,-,-,-,I,      -,      -,     -,     -,-,WDo,-,1,-,-,d1,5,9,30, 1, 2, 3,1,1,1,1,-,-, 73,*,2,8,-,4, 4480,4480,360,353,,,,,,,,,,,,
   50,Geelsnavelduiker,,,,,,,,,,,,,,,,,,,,,,,,,,,,,,,,,,,,-,-,-,-,-,I,      -,      -,     -,     -,-,W,-,23,-,-,d1,6,7,30, 2, 2, 2,1,1,1,1,-,-,,*,2,-,-,4, 4950,4950,383,383,,,,,,,,,,,,
  110,Kuifduiker,,,,,,,,,,,,,,,,,,,,,,,,,,,,,,,,,,,,-,-,-,-,-,II,      -,      -,     -,     -,-,WDo,-,123,-,-,d1,5,8,22, 3, 4, 8,1,1,2,1,-,-, 57,*,2,-,-,6,  395, 363,146,140,,,,,,,,,,,,
  220,Noordse Stormvogel,,,,,,,,,,,,,,,,,,,,,,,,,,,,,,,,,,,,-,-,-,-,-,I,      -,      -,     -,     -,-,WDo,-,12,-,-,a5,5,9,56, 1, 1, 2,1,1,1,4,-,*, 48,-,8,34,95,0,  835, 700,340,323,,,,,,,,,,,,
  360,Kuhls Pijlstormvogel,,,,,,,,,,,,,,,,,,,,,,,,,,,,,,,,,,,,-,-,-,-,-,I,      -,      -,     -,     -,-,-,-,4,-,-,a5,5,10,54, 1, 1, 1,1,1,1,4,*,*, 90,-,6,-,-,0,  819, 444,342,333,,,,,,,,,,,,
  400,Grote Pijlstormvogel,,,,,,,,,,,,,,,,,,,,,,,,,,,,,,,,,,,,-,-,-,-,-,I,      -,      -,     -,     -,-,-,-,-,-,-,a5,-,-,55, 1, 1, 1,1,1,1,4,*,*,105,-,6,-,-,0,  834, 834,332,318,,,,,,,,,,,,
  430,Grauwe Pijlstormvogel,,,,,,,,,,,,,,,,,,,,,,,,,,,,,,,,,,,,-,-,-,-,-,I,      -,      -,     -,     -,-,Do,-,5,-,-,a5,-,-,-,,,,,,,4,*,*, 95,-,6,10,-,0,  787, 787,295,289,,,,,,,,,,,,
  460,Noordse Pijlstormvogel,,,,,,,,,,,,,,,,,,,,,,,,,,,,,,,,,,,,-,-,-,-,-,I,      -,      -,     -,     -,-,Do,-,124,-,-,a5,4,9,53, 1, 1, 1,1,1,1,4,*,*, 70,-,6,29,90,0,  456, 427,239,235,,,,,,,,,,,,
  520,Stormvogeltje,,,,,,,,,,,,,,,,,,,,,,,,,,,,,,,,,,,,-,-,-,-,-,I,      -,      -,     -,     -,-,-,-,123,-,-,a4,5,7,39, 1, 1, 1,1,1,1,1,*,*, 64,-,4,20,-,0,   27,  27,120,121,,,,,,,,,,,,
  550,Vaal Stormvogeltje,,,,,,,,,,,,,,,,,,,,,,,,,,,,,,,,,,,,-,-,-,-,-,I,      -,      -,     -,     -,-,Do,-,1,-,-,a4,5,10,41, 1, 1, 1,1,1,1,1,*,*, 66,-,4,24,-,0,   44,  44,157,161,,,,,,,,,,,,
  710,Jan-van-gent,,,,,,,,,,,,,,,,,,,,,,,,,,,,,,,,,,,,-,-,-,-,-,I,      -,      -,     -,     -,-,WDo,-,12,-,-,a5,4,9,44, 1, 1, 2,1,1,1,4,-,*, 90,-,5,21,94,54, 3000,2955,513,510,,,,,,,,,,,,
  800,Kuifaalscholver,,,,,,,,,,,,,,,,,,,,,,,,,,,,,,,,,,,,-,-,-,-,-,III,      -,      -,     -,     -,-,WDo,-,124,-,-,a5,3,9,30, 2, 3, 6,1,1,1,4,-,*, 53,-,4,16,84,12, 1930,,273,265,,,,,,,,,,,,
 1080,Ralreiger,,,,,,,,,,,,,,,,,,,,,,,,,,,,,,,,,,,,-,-,-,-,-,III,      -,      -,     -,     -,-,Do,-,134,-,1,d1,5,7,23, 4, 5, 7,1,1,1,2,-,*, 45,-,1,-,-,0,  285, 291,225,216,,,,,,,,,,,,
 1110,Koereiger,2,,,,,,,,,,,,,,,,,,,,,,,,,,,,,,,,,,,-,-,-,-,-,III,      -,      -,     -,     -,-,Do,-,14,-,1,d1,4,-,23, 4, 5, 6,1,1,2,4,-,*, 30,-,2,15,75,0,  356, 356,253,248,,,,,,,,,,,,
 1360,Zwarte Ibis,,,,,,,,,,,,,,,,,,,,,,,,,,,,,,,,,,,,-,-,-,-,-,III,      -,      -,     -,     -,-,-,-,4,-,-,d1,5,7,21, 3, 4, 6,1,1,1,4,-,*, 47,-,-,20,-,11,  664, 605,297,273,,,,,,,,,,,,
 1530,Kleine Zwaan,,,,,,,,,,,,,,,,,,,,,,,,,,,,,,,,,,,,-,*,-,-,*,IV,      -,      -,     -,     -,-,WDo,-,34,-,-,d1,6,7,30, 3, 4, 5,1,1,1,1,-,-, 42,*,3,22,-,12, 6380,5642,519,504,,,,,,,,,,,,
 1540,Wilde Zwaan,,,,,,,,,,,,,,,,,,,,,,,,,,,,,,,,,,,,-,-,-,-,*,IV,      -,      -,     -,     -,-,WDo,-,23,-,-,d1,5,7,40, 4, 5, 8,1,1,1,1,-,-, 87,*,4,8,-,12,10400,8750,610,583,,,,,,,,,,,,
 1570,rietgans,,,,,,,,,,,,,,,,,,,,,,,,,,,,,,,,,,,,-,-,-,-,-,IV,      -,      -,     -,     -,-,WDo,-,23,-,-,d1,5,7,28, 3, 5, 7,1,1,1,1,-,-, 56,*,3,8,-,0, 3198,2843,481,460,,,,,,,,,,,,
 1580,Kleine Rietgans,,,,,,,,,,,,,,,,,,,,,,,,,,,,,,,,,,,,-,*,-,-,-,IV,      -,      -,     -,     -,-,WDo,-,2,-,-,d1a5,5,6,26, 4, 5, 8,1,1,1,1,-,*, 56,*,3,22,74,0, 2490,2197,443,420,,,,,,,,,,,,
 1590,Kolgans,1,,,,,,,,,,,,,,,,,,,,,,,,,,,,,,,,,,,-,*,-,-,-,IV,      -,      -,     -,     -,-,WDo,-,3,-,-,d1,6,7,28, 4, 5, 7,1,1,1,1,-,*, 41,*,3,18,72,12, 2130,1905,423,399,,,,,,,,,,,,
 1600,Dwerggans,,,,,,,,,,,,,,,,,,,,,,,,,,,,,,,,,,,,-,-,-,-,-,IV,      -,      -,     -,     -,-,WDo,-,23,-,-,d1,5,7,26, 3, 4, 7,1,1,1,1,-,-, 37,*,3,-,-,12, 2000,1900,378,373,,,,,,,,,,,,
 1620,Indische Gans,1,,,,,,,,,,,,,,,,,,,,,,,,,,,,,,,,,,,-,-,-,-,-,IV,      -,      -,     -,     -,S,-,  1,1,i,6,d1a5,5,-,29, 2, 5, 8,1,1,1,1,-,*,,*,-,-,-,-,    -,   -,  -,  -,,,,,,,,,,,,
 1630,Sneeuwgans,,,,,,,,,,,,,,,,,,,,,,,,,,,,,,,,,,,,-,-,-,-,-,IV,      -,      -,     -,     -,-,WDo,-,235,-,-,-,-,-,-,,,,,,,1,-,-,,*,-,-,-,-, 2744,2517,430,420,,,,,,,,,,,,
 1680,rotgans,,,,,,,,,,,,,,,,,,,,,,,,,,,,,,,,,,,,-,*,-,-,-,IV,      -,      -,     -,     -,-,WDo,-,2,-,-,d1,6,7,25, 2, 4, 8,1,1,1,1,-,*, 40,*,2,13,86,12, 1411,1411,340,324,,,,,,,,,,,,
 1682,Witbuikrotgans,,,,,,,,,,,,,,,,,,,,,,,,,,,,,,,,,,,,-,-,-,-,-,IV,      -,      -,     -,     -,-,WDo,-,2,-,-,-,-,-,-,,,,,,,1,-,*,,*,-,-,-,-,,,345,329,,,,,,,,,,,,
 1690,Roodhalsgans,,,,,,,,,,,,,,,,,,,,,,,,,,,,,,,,,,,,-,-,-,-,-,IV,      -,      -,     -,     -,-,WDo,-,-,-,-,d1,6,7,25, 4, 4, 5,1,1,1,1,-,*, 40,*,2,-,-,0, 1413,1100,367,343,,,,,,,,,,,,
 1710,Casarca,1,,,,,,,,,,,,,,,,,,,,,,,,,,,,,,,,,,,-,-,-,-,-,II,      1,      3,     -,     -,S,-,  1,14,i,12,d1a5b2,4,6,28, 8,10,16,1,1,1,4,*,-, 55,*,2,-,-,0, 1400,1188,366,339,,,,,,,,,,,,
 1800,Amerikaanse Smient,,,,,,,,,,,,,,,,,,,,,,,,,,,,,,,,,,,,-,-,-,-,-,II,      -,      -,     -,     -,-,-,-,-,-,-,-,-,-,-,,,,,,,1,-,-,,*,-,-,-,53,  765, 710,  -,  -,,,,,,,,,,,,
 2020,Witoogeend,2,,,,,,,,,,,,,,,,,,,,,,,,,,,,,,,,,,,-,-,-,-,-,II,      1,      5,     0,     1,Z,WDo,  1,134,i,7,d1,5,6,26, 7, 9,14,1,1,1,1,-,-, 57,*,1,8,-,3,  590, 569,188,182,,,,,,,,,,,,
 2040,Toppereend,,,,,,,,,,,,,,,,,,,,,,,,,,,,,,,,,,,,-,*,-,-,-,II,      -,      -,     -,     -,-,WDo,-,123,-,7,d1,5,6,26, 6, 7,17,1,1,1,1,-,-, 42,*,1,13,48,3, 1058,1049,227,217,,,,,,,,,,,,
 2070,Koningseider,,,,,,,,,,,,,,,,,,,,,,,,,,,,,,,,,,,,-,-,-,-,-,I,      -,      -,     -,     -,-,-,-,2,-,-,d1,6,7,22, 3, 5, 8,1,1,1,1,-,-,,*,3,-,-,3, 1832,1749,277,270,,,,,,,,,,,,
 2090,Stellers Eider,,,,,,,,,,,,,,,,,,,,,,,,,,,,,,,,,,,,-,-,-,-,-,I,      -,      -,     -,     -,-,-,-,-,-,-,d1,6,7,-, 6, 7,10,1,1,1,1,-,-,,*,3,-,-,3,  794, 853,216,207,,,,,,,,,,,,
 2110,Harlekijneend,,,,,,,,,,,,,,,,,,,,,,,,,,,,,,,,,,,,-,-,-,-,-,I,      -,      -,     -,     -,-,-,-,2,-,-,d1,5,7,30, 3, 7, 9,1,1,1,1,-,-, 65,*,1,-,-,6,  666, 536,205,198,,,,,,,,,,,,
 2120,IJseend,,,,,,,,,,,,,,,,,,,,,,,,,,,,,,,,,,,,-,-,-,-,-,I,      -,      -,     -,     -,-,WDo,-,23,-,-,d1,5,7,24, 5, 7,11,1,1,1,1,-,-, 37,*,2,-,72,3,  786, 695,  -,  -,,,,,,,,,,,,
 2130,Zwarte Zee-eend,,,,,,,,,,,,,,,,,,,,,,,,,,,,,,,,,,,,-,-,-,-,-,I,      -,      -,     -,     -,-,WDo,-,23,-,-,d1,6,7,29, 5, 8,10,1,1,1,1,-,-, 47,*,2,16,77,3, 1126, 934,234,226,,,,,,,,,,,,
 2140,Brilzee-eend,,,,,,,,,,,,,,,,,,,,,,,,,,,,,,,,,,,,-,-,-,-,-,I,      -,      -,     -,     -,-,-,-,-,-,-,-,-,-,-,,,,,,,1,-,-,,*,-,-,-,-,  894, 837,248,229,,,,,,,,,,,,
 2150,Grote Zee-eend,,,,,,,,,,,,,,,,,,,,,,,,,,,,,,,,,,,,-,-,-,-,-,I,      -,      -,     -,     -,-,WDo,-,23,-,-,d1,5,6,27, 6, 8,11,1,1,1,1,-,-, 52,*,2,13,-,3, 1635,1498,280,261,,,,,,,,,,,,
 2200,Nonnetje,,,,,,,,,,,,,,,,,,,,,,,,,,,,,,,,,,,,-,*,-,-,-,II,      -,      -,     -,     -,-,WDo,-,23,-,-,d1b1,5,7,30, 5, 8,14,1,1,1,4,*,-, 70,*,2,-,-,3,  738, 590,202,184,,,,,,,,,,,,
 2230,Grote Zaagbek,,,,,,,,,,,,,,,,,,,,,,,,,,,,,,,,,,,,-,-,-,-,-,II,      -,      -,     -,     -,-,WDo,-,1234,-,12,d1b1b2,3,6,30, 7,10,15,1,1,1,4,*,-, 65,*,2,10,60,3, 1630,1425,285,262,,,,,,,,,,,,
 2250,Rosse Stekelstaart,,,,,,,,,,,,,,,,,,,,,,,,,,,,,,,,,,,,-,-,-,-,-,II,      -,      -,     -,     -,-,-,  1,1,*,1,d1,5,7,24, 6, 8,20,1,1,1,1,-,-, 52,*,2,-,-,3,  668, 480,148,142,,,,,,,,,,,,
 2560,Slangenarend,2,,,,,,,,,,,,,,,,,,,,,,,,,,,,,,,,,,,-,-,-,-,-,V,      -,      -,     -,     -,-,-,-,134,-,-,b2a5,3,6,47, 1, 1, 1,1,1,1,4,-,-, 72,-,3,18,-,0, 1664,1735,534,538,,,,,,,,,,,,
 2620,Steppekiekendief,,,,,,,,,,,,,,,,,,,,,,,,,,,,,,,,,,,,-,-,-,-,-,V,      -,      -,     -,     -,-,-,-,23,-,-,c1,4,5,29, 3, 5, 6,1,1,1,1,-,-, 34,-,2,-,-,0,  322, 445,340,371,,,,,,,,,,,,
 2900,Ruigpootbuizerd,,,,,,,,,,,,,,,,,,,,,,,,,,,,,,,,,,,,-,-,-,-,-,V,      -,      -,     -,     -,-,WDo,-,23,-,-,a5b1b2,4,6,29, 2, 2, 7,1,1,1,4,-,-, 41,-,2,11,-,12,  918,1286,411,449,,,,,,,,,,,,
 2930,Bastaardarend,,,,,,,,,,,,,,,,,,,,,,,,,,,,,,,,,,,,-,-,-,-,-,V,      -,      -,     -,     -,-,-,-,34,-,-,d1b1,4,5,43, 1, 2, 3,1,1,1,4,-,-, 70,-,5,-,-,48, 1775,2485,496,525,,,,,,,,,,,,
 2960,Steenarend,,,,,,,,,,,,,,,,,,,,,,,,,,,,,,,,,,,,-,-,-,-,-,V,      -,      -,     -,     -,-,-,-,1234,-,-,a5b1,5,6,44, 1, 2, 3,1,1,1,4,-,-, 67,-,4,26,-,36, 2810,3575,520,681,,,,,,,,,,,,
 2990,Havikarend,,,,,,,,,,,,,,,,,,,,,,,,,,,,,,,,,,,,-,-,-,-,-,V,      -,      -,     -,     -,-,-,-,4,-,-,a5b1b2,2,4,40, 1, 2, 3,1,1,1,4,-,-, 62,-,4,-,-,6, 1750,2150,480,487,,,,,,,,,,,,
 3070,Roodpootvalk,,,,,,,,,,,,,,,,,,,,,,,,,,,,,,,,,,,,-,-,-,-,-,V,      -,      -,     -,     -,-,Do,-,234,-,-,b1b2,4,6,22, 2, 4, 6,1,1,1,4,-,*, 28,-,5,-,-,18,  142, 164,241,245,,,,,,,,,,,,
 3090,Smelleken,,,,,,,,,,,,,,,,,,,,,,,,,,,,,,,,,,,,-,-,-,-,-,V,      -,      -,     -,     -,-,WDo,-,123,-,-,a1a2d1,4,6,30, 2, 4, 7,1,1,1,1,-,-, 30,-,1,11,-,0,  180, 232,198,214,,,,,,,,,,,,
 4420,Kleine Trap,,,,,,,,,,,,,,,,,,,,,,,,,,,,,,,,,,,,-,-,-,-,-,VIII,      -,      -,     -,     -,-,-,-,14,-,-,c1c3,4,6,20, 2, 3, 5,1,1,2,1,-,-, 52,*,1,-,-,0,  858, 823,250,245,,,,,,,,,,,,
 4460,Grote Trap,,,,,,,,,,,,,,,,,,,,,,,,,,,,,,,,,,,,-,-,-,-,-,VIII,      -,      -,     -,     -,-,-,-,1234,-,-,c1c3,4,7,24, 2, 3, 4,1,1,1,1,-,-, 35,*,4,-,-,24, 8883,4421,629,495,,,,,,,,,,,,
 4550,Steltkluut,,,,,,,,,,,,,,,,,,,,,,,,,,,,,,,,,,,,-,-,-,-,-,VII,      0,      1,     0,     1,Z,Do, 23,134,i,13,d1a3,4,6,25, 3, 4, 5,1,1,1,1,-,-, 30,*,2,12,-,9,  184, 176,247,232,,,,,,,,,,,,
 4650,Vorkstaartplevier,,,,,,,,,,,,,,,,,,,,,,,,,,,,,,,,,,,,-,-,-,-,-,VIII,      -,      -,     -,     -,-,-,-,34,-,-,d1,4,6,17, 2, 3, 4,1,1,1,1,-,*, 27,*,1,-,-,3,   84,  80,201,191,,,,,,,,,,,,
 4670,Steppevorkstaartplevier,,,,,,,,,,,,,,,,,,,,,,,,,,,,,,,,,,,,-,-,-,-,-,VIII,      -,      -,     -,     -,-,-,-,3,-,-,a4c3,5,6,-, 2, 3, 4,1,1,1,1,-,*,,*,-,-,-,-,   98,  93,201,194,,,,,,,,,,,,
 4860,Zilverplevier,,,,,,,,,,,,,,,,,,,,,,,,,,,,,,,,,,,,-,-,-,-,-,VI,      -,      -,     -,     -,-,WDo,-,3,-,-,a4c1,6,7,27, 3, 4, 4,1,1,1,1,-,-, 40,*,2,14,-,3,  129, 114,197,199,,,,,,,,,,,,
 4910,Steppekievit,,,,,,,,,,,,,,,,,,,,,,,,,,,,,,,,,,,,-,-,-,-,-,VIII,      -,      -,     -,     -,-,-,-,-,-,-,a4c1,4,5,25, 3, 4, 5,1,1,1,1,-,-,,*,-,-,-,-,,,206,204,,,,,,,,,,,,
 4960,Kanoet,,,,,,,,,,,,,,,,,,,,,,,,,,,,,,,,,,,,-,-,-,-,-,VI,      -,      -,     -,     -,-,WDo,-,13,-,-,a4,6,6,22, 3, 4, 4,1,1,1,1,-,-, 19,*,2,16,68,5,  176, 176,169,173,,,,,,,,,,,,
 4970,Drieteenstrandloper,,,,,,,,,,,,,,,,,,,,,,,,,,,,,,,,,,,,-,-,-,-,-,VI,      -,      -,     -,     -,-,WDo,-,2,-,-,a4,6,7,23, 3, 4, 4,1,1,1,1,-,-, 23,*,2,13,-,5,   58,  60,124,129,,,,,,,,,,,,
 5010,Kleine Strandloper,,,,,,,,,,,,,,,,,,,,,,,,,,,,,,,,,,,,-,-,-,-,-,VII,      -,      -,     -,     -,-,Do,-,2,-,-,d1c2,6,7,20, 3, 4, 4,1,1,1,1,-,-,,*,1,9,-,5,   25,  31, 95, 99,,,,,,,,,,,,
 5020,Temmincks Strandloper,,,,,,,,,,,,,,,,,,,,,,,,,,,,,,,,,,,,-,-,-,-,-,VII,      -,      -,     -,     -,-,Do,-,2,-,-,d1c2,5,6,21, 3, 4, 4,1,1,2,1,-,-, 16,*,1,-,81,3,   24,  28, 98, 99,,,,,,,,,,,,
 5060,Bairds Strandloper,,,,,,,,,,,,,,,,,,,,,,,,,,,,,,,,,,,,-,-,-,-,-,VII,      -,      -,     -,     -,-,Do,-,-,-,-,-,-,-,-,,,,,,,1,-,-,,*,-,-,-,-,   42,  43,125,129,,,,,,,,,,,,
 5090,Krombekstrandloper,,,,,,,,,,,,,,,,,,,,,,,,,,,,,,,,,,,,-,-,-,-,-,VI,      -,      -,     -,     -,-,Do,-,3,-,-,a4,-,-,-,,,,,,,1,-,-,,*,1,6,-,5,   68,  64,132,132,,,,,,,,,,,,
 5100,Paarse Strandloper,,,,,,,,,,,,,,,,,,,,,,,,,,,,,,,,,,,,-,-,-,-,-,VI,      -,      -,     -,     -,-,WDo,-,2,-,-,a4,5,6,22, 3, 4, 4,1,1,1,1,-,-, 28,*,1,8,-,3,   68,  76,131,133,,,,,,,,,,,,
 5140,Breedbekstrandloper,,,,,,,,,,,,,,,,,,,,,,,,,,,,,,,,,,,,-,-,-,-,-,VI,      -,      -,     -,     -,-,WDo,-,2,-,-,a4,6,7,21, 3, 4, 4,1,1,1,1,-,-,,*,-,-,-,3,   37,  37,104,109,,,,,,,,,,,,
 5180,Bokje,,,,,,,,,,,,,,,,,,,,,,,,,,,,,,,,,,,,-,-,-,-,-,VII,      -,      -,     -,     -,-,WDo,-,2,-,-,d1c2,6,7,20, 3, 4, 4,1,1,2,1,-,-,,*,1,5,-,2,   56,  50,114,110,,,,,,,,,,,,
 5270,Grote Grijze Snip,,,,,,,,,,,,,,,,,,,,,,,,,,,,,,,,,,,,-,-,-,-,-,VII,      -,      -,     -,     -,-,-,-,-,-,-,-,-,-,-,,,,,,,1,-,-,,*,-,-,-,-,  117, 112,144,148,,,,,,,,,,,,
 5340,Rosse Grutto,,,,,,,,,,,,,,,,,,,,,,,,,,,,,,,,,,,,-,*,-,-,-,VI,      -,      -,     -,     -,-,WDo,-,23,-,-,d1c2,5,6,21, 2, 4, 4,1,1,1,1,-,-,,*,2,18,71,3,  286, 356,210,223,,,,,,,,,,,,
 5380,Regenwulp,,,,,,,,,,,,,,,,,,,,,,,,,,,,,,,,,,,,-,-,-,-,-,VIII,      -,      -,     -,     -,-,Do,-,123,-,-,a1,5,6,26, 3, 4, 5,1,1,1,1,-,-, 37,*,2,12,69,2,  436, 490,251,260,,,,,,,,,,,,
 5450,Zwarte Ruiter,,,,,,,,,,,,,,,,,,,,,,,,,,,,,,,,,,,,-,-,-,-,-,VII,      -,      -,     -,     -,-,WDo,-,2,-,-,b1b2a1,5,6,-, 3, 4, 4,1,1,1,1,-,-,,*,1,6,-,3,  159, 167,165,170,,,,,,,,,,,,
 5470,Poelruiter,,,,,,,,,,,,,,,,,,,,,,,,,,,,,,,,,,,,-,-,-,-,-,VII,      -,      -,     -,     -,-,Do,-,1234,-,-,d1c2,5,7,-, 4, 4, 5,1,1,1,1,-,-,,*,1,-,-,3,   67,  76,138,140,,,,,,,,,,,,
 5480,Groenpootruiter,,,,,,,,,,,,,,,,,,,,,,,,,,,,,,,,,,,,-,-,-,-,-,VII,      -,      -,     -,     -,-,WDo,-,23,-,14,c2d1b1,5,6,24, 3, 4, 5,1,1,1,1,-,-, 28,*,2,12,-,3,  179, 175,191,193,,,,,,,,,,,,
 5550,Terekruiter,,,,,,,,,,,,,,,,,,,,,,,,,,,,,,,,,,,,-,-,-,-,-,VII,      -,      -,     -,     -,-,-,-,3,-,-,d1b3,5,6,21, 3, 4, 4,1,1,1,1,-,-,,*,1,5,-,3,   69,  75,133,136,,,,,,,,,,,,
 5570,Amerikaanse Oeverloper,,,,,,,,,,,,,,,,,,,,,,,,,,,,,,,,,,,,-,-,-,-,-,VII,      -,      -,     -,     -,-,-,-,-,-,-,-,-,-,21,, 4,,1,1,1,1,-,-, 19,*,1,-,-,4,   45,  45,106,109,,,,,,,,,,,,
 5610,Steenloper,,,,,,,,,,,,,,,,,,,,,,,,,,,,,,,,,,,,-,-,-,-,-,VI,      -,      -,     -,     -,-,WDo,-,123,-,-,a4,5,7,22, 3, 4, 5,1,1,1,1,-,-, 20,*,2,20,78,3,  109, 115,155,157,,,,,,,,,,,,
 5630,Grote Franjepoot,,,,,,,,,,,,,,,,,,,,,,,,,,,,,,,,,,,,-,-,-,-,-,VII,      -,      -,     -,     -,-,-,-,-,-,-,-,-,-,-,,,,,,,1,-,-, 17,*,-,-,-,-,   50,  68,125,136,,,,,,,,,,,,
 5640,Grauwe Franjepoot,,,,,,,,,,,,,,,,,,,,,,,,,,,,,,,,,,,,-,-,-,-,-,VII,      -,      -,     -,     -,-,Do,-,23,-,-,d1,5,7,20, 3, 4, 4,1,1,1,1,-,-, 17,*,1,5,-,4,   33,  36,110,112,,,,,,,,,,,,
 5650,Rosse Franjepoot,,,,,,,,,,,,,,,,,,,,,,,,,,,,,,,,,,,,-,-,-,-,-,VI,      -,      -,     -,     -,-,WDo,-,2,-,-,d1,6,7,19, 3, 4, 4,1,1,1,1,-,-, 17,*,1,-,-,4,   51,  61,129,136,,,,,,,,,,,,
 5660,Middelste Jager,,,,,,,,,,,,,,,,,,,,,,,,,,,,,,,,,,,,-,-,-,-,-,I,      -,      -,     -,     -,-,WDo,-,-,-,-,d1c2,6,7,29, 2, 2, 2,1,1,1,1,-,-, 31,*,-,-,-,30,  648, 740,346,355,,,,,,,,,,,,
 5670,Kleine Jager,,,,,,,,,,,,,,,,,,,,,,,,,,,,,,,,,,,,-,-,-,-,-,I,      -,      -,     -,     -,-,WDo,-,2,-,-,a1a5a4,5,7,26, 1, 2, 2,1,1,1,1,-,*, 27,*,4,18,-,30,  421, 508,327,332,,,,,,,,,,,,
 5680,Kleinste Jager,,,,,,,,,,,,,,,,,,,,,,,,,,,,,,,,,,,,-,-,-,-,-,I,      -,      -,     -,     -,-,Do,-,2,-,-,a4a5d1,5,6,23, 1, 2, 3,1,1,1,1,-,*, 25,*,-,-,-,12,  280, 313,305,310,,,,,,,,,,,,
 5690,Grote Jager,,,,,,,,,,,,,,,,,,,,,,,,,,,,,,,,,,,,-,-,-,-,-,I,      -,      -,     -,     -,-,WDo,-,2,-,-,a3a1a4d1,5,6,29, 1, 2, 2,1,1,1,1,-,*, 45,*,7,16,93,12, 1338,1525,399,413,,,,,,,,,,,,
 5730,Reuzenzwartkopmeeuw,,,,,,,,,,,,,,,,,,,,,,,,,,,,,,,,,,,,-,-,-,-,-,I,      -,      -,     -,     -,-,-,-,-,-,-,a3d1d2,5,6,-, 2, 3, 4,1,1,1,1,-,*,,*,-,-,-,-, 1565,1230,497,472,,,,,,,,,,,,
 5790,Vorkstaartmeeuw,,,,,,,,,,,,,,,,,,,,,,,,,,,,,,,,,,,,-,-,-,-,-,I,      -,      -,     -,     -,-,Do,-,-,-,-,d1a4,6,8,24, 2, 3, 3,1,1,1,1,-,*,,*,-,-,-,12,  195, 180,274,267,,,,,,,,,,,,
 5927,Geelpootmeeuw,1,,,,,,,,,,,,,,,,,,,,,,,,,,,,,,,,,,,-,-,-,-,-,XII,      -,      -,     -,     -,-,Do,-,124,-,-,-,-,-,-,,,,,,,,-,-,,*,-,-,-,-, 1275,1033,465,440,,,,,,,,,,,,
 5980,Kleine Burgemeester,,,,,,,,,,,,,,,,,,,,,,,,,,,,,,,,,,,,-,-,-,-,-,I,      -,      -,     -,     -,-,-,-,2,-,-,a5,-,-,-, 1, 3, 4,1,1,1,1,-,-,,*,-,-,-,48,  695, 695,417,403,,,,,,,,,,,,
 5990,Grote Burgemeester,,,,,,,,,,,,,,,,,,,,,,,,,,,,,,,,,,,,-,-,-,-,-,I,      -,      -,     -,     -,-,WDo,-,123,-,-,a5a4,5,7,28, 1, 3, 4,1,1,1,1,-,-, 47,*,-,21,-,48, 1720,1362,473,456,,,,,,,,,,,,
 6010,Ross' Meeuw,,,,,,,,,,,,,,,,,,,,,,,,,,,,,,,,,,,,-,-,-,-,-,I,      -,      -,     -,     -,-,-,-,-,-,-,-,-,-,-,,,,,,,1,-,*,  -,-,-,-,-,-,  160, 160,264,258,,,,,,,,,,,,
 6020,Drieteenmeeuw,2,,,,,,,,,,,,,,,,,,,,,,,,,,,,,,,,,,,-,-,-,-,-,I,      -,      -,     -,     -,-,WDo,-,1234,-,-,a5,5,7,25, 1, 2, 3,1,1,1,1,-,*, 43,-,4,21,86,12,  390, 351,311,307,,,,,,,,,,,,
 6060,Reuzenstern,,,,,,,,,,,,,,,,,,,,,,,,,,,,,,,,,,,,-,-,-,-,-,I,      -,      -,     -,     -,-,Do,-,12,-,-,a3d1,4,6,21, 1, 2, 3,1,1,1,1,-,*, 28,*,3,26,-,3,  720, 570,407,417,,,,,,,,,,,,
 6140,Dougalls Stern,,,,,,,,,,,,,,,,,,,,,,,,,,,,,,,,,,,,-,-,-,-,-,I,      -,      -,     -,     -,-,Do,-,1,-,-,a3,6,7,23, 1, 2, 3,1,1,1,1,-,*, 24,*,1,16,-,3,  110, 110,237,228,,,,,,,,,,,,
 6340,Zeekoet,,,,,,,,,,,,,,,,,,,,,,,,,,,,,,,,,,,,-,-,-,-,-,I,      -,      -,     -,     -,-,WDo,-,124,-,-,a5,5,6,31, 1, 1, 1,1,1,1,1,-,*, 17,*,4,32,92,24,  853, 870,202,206,,,,,,,,,,,,
 6360,Alk,,,,,,,,,,,,,,,,,,,,,,,,,,,,,,,,,,,,-,-,-,-,-,I,      -,      -,     -,     -,-,WDo,-,12,-,-,a5,5,6,30, 1, 1, 2,1,1,1,1,-,*, 17,*,4,20,92,24,  707, 755,200,213,,,,,,,,,,,,
 6380,Zwarte Zeekoet,,,,,,,,,,,,,,,,,,,,,,,,,,,,,,,,,,,,-,-,-,-,-,I,      -,      -,     -,     -,-,-,-,12,-,-,a5a3,5,6,27, 1, 2, 3,1,1,1,1,*,*, 35,-,2,20,-,20,  376, 380,173,173,,,,,,,,,,,,
 6470,Kleine Alk,,,,,,,,,,,,,,,,,,,,,,,,,,,,,,,,,,,,-,-,-,-,-,I,      -,      -,     -,     -,-,WDo,-,12,-,-,a5,6,7,24, 1, 1, 2,1,1,1,1,-,*, 24,-,2,-,-,12,  165, 157,121,122,,,,,,,,,,,,
 6540,Papegaaiduiker,,,,,,,,,,,,,,,,,,,,,,,,,,,,,,,,,,,,-,-,-,-,-,I,      -,      -,     -,     -,-,WDo,-,12,-,-,a5,4,6,41, 1, 1, 2,1,1,1,1,*,*, 41,-,4,22,95,24,  490, 432,162,162,,,,,,,,,,,,
 6650,Rotsduif,,,,,,,,,,,,,,,,,,,,,,,,,,,,,,,,,,,,-,-,-,-,-,IX,      -,      -,     -,     -,S,-,  1,1234,*,-,a5,3,9,17, 1, 2, 2,2,2,3,4,*,*, 36,-,1,6,-,0,  381, 359,244,228,,,,,,,,,,,,
 7120,Halsbandparkiet,,,,,,,,,,,,,,,,,,,,,,,,,,,,,,,,,,,,-,-,-,-,-,X,      -,      -,     -,     -,S,-,  1,1,*,9,b2e,2,-,26, 3, 4, 6,1,1,1,4,*,-, 55,-,2,-,-,0,  112,,175,175,,,,,,,,,,,,
 7160,Kuifkoekoek,,,,,,,,,,,,,,,,,,,,,,,,,,,,,,,,,,,,-,-,-,-,-,X,      -,      -,     -,     -,-,-,-,234,-,-,b1b2b3,4,5,13,15,15,16,,,,4,-,-, 20,-,1,-,-,14,  175,,212,204,,,,,,,,,,,,
 7490,Sneeuwuil,,,,,,,,,,,,,,,,,,,,,,,,,,,,,,,,,,,,*,-,-,-,-,IX,      -,      -,     -,     -,-,-,-,23,-,-,a1a4,5,6,34, 4, 6,15,1,1,1,1,-,-, 46,-,-,-,-,-, 1730,2120,416,451,,,,,,,,,,,,
 7980,Alpengierzwaluw,,,,,,,,,,,,,,,,,,,,,,,,,,,,,,,,,,,,-,-,-,-,-,IX,      -,      -,     -,     -,-,-,-,14,-,-,a5,5,6,20, 2, 3, 3,1,1,2,1,*,-, 50,-,2,26,79,7,  101, 101,230,226,,,,,,,,,,,,
 9610,Kalanderleeuwerik,,,,,,,,,,,,,,,,,,,,,,,,,,,,,,,,,,,,-,-,-,-,-,IX,      -,      -,     -,     -,-,-,-,4,-,-,c1,4,6,-, 4, 5, 7,2,2,2,1,-,-,  -,-,1,-,-,3,   65,  57,131,117,,,,,,,,,,,,
 9680,Kortteenleeuwerik,,,,,,,,,,,,,,,,,,,,,,,,,,,,,,,,,,,,-,-,-,-,-,IX,      -,      -,     -,     -,-,-,-,134,-,-,c1a4b3,5,7,-, 3, 4, 6,2,2,2,1,-,-, 12,-,1,-,-,3,   22,  22, 96, 91,,,,,,,,,,,,
 9780,Strandleeuwerik,,,,,,,,,,,,,,,,,,,,,,,,,,,,,,,,,,,,-,-,-,-,-,IX,      -,      -,     -,     -,-,WDo,-,234,-,-,a4,5,-,12, 2, 4, 7,2,2,2,1,-,-, 12,-,1,-,-,2,   40,  36,114,106,,,,,,,,,,,,
 9950,Roodstuitzwaluw,,,,,,,,,,,,,,,,,,,,,,,,,,,,,,,,,,,,-,-,-,-,-,IX,      -,      -,     -,     -,-,-,-,4,-,-,ea5,4,7,14, 3, 4, 6,2,2,2,4,-,-, 24,-,1,8,-,7,   22,  22,119,117,,,,,,,,,,,,
10020,Grote Pieper,,,,,,,,,,,,,,,,,,,,,,,,,,,,,,,,,,,,-,-,-,-,-,IX,      -,      -,     -,     -,-,Do,-,-,-,-,c1c2d1,-,-,-,,,,,,,1,-,-, 16,-,1,5,-,0,   33,  30, 99, 95,,,,,,,,,,,,
10120,Roodkeelpieper,,,,,,,,,,,,,,,,,,,,,,,,,,,,,,,,,,,,-,-,-,-,-,IX,      -,      -,     -,     -,-,Do,-,2,-,-,c2b3,6,7,13, 4, 5, 7,1,1,1,1,-,-, 12,-,1,-,-,0,   21,  21, 88, 84,,,,,,,,,,,,
10141,Waterpieper,,,,,,,,,,,,,,,,,,,,,,,,,,,,,,,,,,,,-,-,-,-,-,IX,      -,      -,     -,     -,-,WDo,-,134,-,-,c2a5d1,4,6,15, 4, 5, 6,1,1,1,1,-,-, 16,-,1,9,-,0,   22,  22, 93, 86,,,,,,,,,,,,
10143,Oeverpieper,,,,,,,,,,,,,,,,,,,,,,,,,,,,,,,,,,,,-,-,-,-,-,IX,      -,      -,     -,     -,-,WDo,-,12,-,-,c2a5d1,4,5,15, 4, 5, 6,1,1,2,1,-,-, 16,-,1,9,-,0,   23,  23, 89, 83,,,,,,,,,,,,
10172,Engelse Kwikstaart,,,,,,,,,,,,,,,,,,,,,,,,,,,,,,,,,,,,-,-,-,-,-,IX,    150,    200,   200,   350,Z,Do,  3,1,*,50,c3,5,-,13, 5, 6, 7,1,1,2,1,-,-, 13,-,-,-,-,-,,, 78,  -,,,,,,,,,,,,
10173,Noordse Kwikstaart,,,,,,,,,,,,,,,,,,,,,,,,,,,,,,,,,,,,-,-,-,-,-,IX,      -,      -,     -,     -,-,Do,-,23,-,-,-,-,-,-,,,,,,,1,-,-,  -,-,-,-,-,-,   19,  18, 81, 78,,,,,,,,,,,,
10202,Rouwkwikstaart,,,,,,,,,,,,,,,,,,,,,,,,,,,,,,,,,,,,-,-,-,-,-,IX,      4,     10,    10,    20,Z,Do, 23,12,*,47,a2c1c2c3e,4,-,13, 3, 5, 7,1,1,2,3,-,-, 15,-,-,-,-,-,    -,   -,  -,  -,,,,,,,,,,,,
10480,Pestvogel,,,,,,,,,,,,,,,,,,,,,,,,,,,,,,,,,,,,-,-,-,-,-,X,      -,      -,     -,     -,-,WDo,-,23,-,-,b1b2,5,6,13, 4, 5, 6,1,1,1,4,-,-, 16,-,1,13,-,3,   66,  63,118,116,,,,,,,,,,,,
11030,Noordse Nachtegaal,,,,,,,,,,,,,,,,,,,,,,,,,,,,,,,,,,,,-,-,-,-,-,X,      -,      -,     -,     -,-,-,-,1234,-,2,b2,5,-,13, 4, 5, 6,1,1,1,2,-,-, 12,-,1,9,-,2,   26,  25, 90, 86,,,,,,,,,,,,
11480,Westelijke Blonde Tapuit,,,,,,,,,,,,,,,,,,,,,,,,,,,,,,,,,,,,-,-,-,-,-,IX,      -,      -,     -,     -,-,-,-,14,-,-,a1a4c1c3,5,-,-, 4, 4, 5,2,2,2,1,*,-,  -,-,1,-,-,2,   17,  18, 90, 87,,,,,,,,,,,,
11860,Beflijster,,,,,,,,,,,,,,,,,,,,,,,,,,,,,,,,,,,,-,-,-,-,-,X,      -,      -,     -,     -,-,Do, 23,1234,i,1,a1,4,6,13, 3, 4, 6,1,1,2,4,-,-, 14,-,1,8,-,3,   98,  95,144,141,,,,,,,,,,,,
12010,Koperwiek,,,,,,,,,,,,,,,,,,,,,,,,,,,,,,,,,,,,-,-,-,-,*,X,      -,      -,     -,     -,-,WDo,-,123,-,-,b1b2b3,4,7,13, 2, 5, 8,2,2,2,4,-,-, 13,-,1,19,-,3,   60,  63,117,115,,,,,,,,,,,,
12560,Kleine Spotvogel,,,,,,,,,,,,,,,,,,,,,,,,,,,,,,,,,,,,-,-,-,-,-,X,      -,      -,     -,     -,-,-,-,3,-,-,-,5,7,-, 4, 5, 6,1,1,1,,-,-,  -,-,-,-,-,-,    9,   9, 61, 59,,,,,,,,,,,,
12650,Baardgrasmus,,,,,,,,,,,,,,,,,,,,,,,,,,,,,,,,,,,,-,-,-,-,-,X,      -,      -,     -,     -,-,-,-,14,-,-,b2b3,4,6,11, 3, 4, 5,1,2,2,2,-,-, 11,-,1,-,-,0,   10,  10, 60, 60,,,,,,,,,,,,
12670,Kleine Zwartkop,,,,,,,,,,,,,,,,,,,,,,,,,,,,,,,,,,,,-,-,-,-,-,X,      -,      -,     -,     -,-,-,-,14,-,-,b3b2,3,7,13, 4, 5, 5,2,2,2,3,-,-, 11,-,1,-,-,0,   14,  14, 60, 59,,,,,,,,,,,,
12930,Grauwe Fitis,,,,,,,,,,,,,,,,,,,,,,,,,,,,,,,,,,,,-,-,-,-,-,X,      -,      -,     -,     -,-,-,-,123,-,3,b1b2b3b4,6,-,-, 4, 5, 6,1,1,1,2,-,-,,-,1,-,-,0,   71,  71, 62, 59,,,,,,,,,,,,
12950,Noordse Boszanger,,,,,,,,,,,,,,,,,,,,,,,,,,,,,,,,,,,,-,-,-,-,-,X,      -,      -,     -,     -,-,-,-,23,-,-,b1b2b3b4,6,7,-, 3, 5, 7,1,1,1,2,-,-,  -,-,1,-,-,0,   10,  10, 67, 62,,,,,,,,,,,,
12980,Pallas' Boszanger,,,,,,,,,,,,,,,,,,,,,,,,,,,,,,,,,,,,-,-,-,-,-,X,      -,      -,     -,     -,-,-,-,-,-,-,-,7,-,-, -, -, -,-,-,-,-,-,-,  -,-,-,-,-,-,    6,   6, 53, 49,,,,,,,,,,,,
13000,Bladkoning,,,,,,,,,,,,,,,,,,,,,,,,,,,,,,,,,,,,-,-,-,-,-,X,      -,      -,     -,     -,-,Do,-,3,-,-,b1b2b3,6,-,-, 5, 5, 7,1,1,1,1,-,-,  -,-,1,-,-,0,    8,   8, 57, 54,,,,,,,,,,,,
13010,Raddes Boszanger,,,,,,,,,,,,,,,,,,,,,,,,,,,,,,,,,,,,-,-,-,-,-,X,      -,      -,     -,     -,-,-,-,-,-,-,-,-,-,-, -, -, -,-,-,-,-,-,-,  -,-,-,-,-,-,   14,  14, 64, 59,,,,,,,,,,,,
13030,Bruine Boszanger,,,,,,,,,,,,,,,,,,,,,,,,,,,,,,,,,,,,-,-,-,-,-,X,      -,      -,     -,     -,-,-,-,-,-,-,-,-,-,-, -, -, -,-,-,-,-,-,-,  -,-,-,-,-,-,   10,  10, 62, 56,,,,,,,,,,,,
15190,Kleine Klapekster,,,,,,,,,,,,,,,,,,,,,,,,,,,,,,,,,,,,-,-,-,-,-,IX,      -,      -,     -,     -,-,-,-,134,-,-,c1c3b3,5,7,15, 3, 5, 7,1,1,1,4,-,-, 14,-,1,-,-,3,   46,  47,120,121,,,,,,,,,,,,
15570,Notenkraker,,,,,,,,,,,,,,,,,,,,,,,,,,,,,,,,,,,,-,-,-,-,-,X,      -,      -,     -,     -,Z,Do,  1,1234,i,1,b1b2,3,5,18, 2, 3, 5,1,1,1,4,-,-, 24,-,1,8,-,0,  180, 168,185,183,,,,,,,,,,,,
15840,Roze Spreeuw,,,,,,,,,,,,,,,,,,,,,,,,,,,,,,,,,,,,-,-,-,-,-,X,      -,      -,     -,     -,-,-,-,4,-,-,c3a5,5,6,12, 3, 5, 9,1,1,1,1,*,*, 22,-,1,11,-,8,   78,  78,129,125,,,,,,,,,,,,
16620,Frater,,,,,,,,,,,,,,,,,,,,,,,,,,,,,,,,,,,,-,-,-,-,-,IX,      -,      -,     -,     -,-,Do,-,12,-,-,a1a4,4,5,12, 4, 5, 7,1,1,2,1,-,-, 14,-,1,6,-,0,   16,  16, 79, 77,,,,,,,,,,,,
16640,Witstuitbarmsijs,,,,,,,,,,,,,,,,,,,,,,,,,,,,,,,,,,,,-,-,-,-,-,X,      -,      -,     -,     -,-,-,-,2,-,-,a4b3,-,-,14, 4, 5, 6,,,,,-,-, 11,-,1,-,-,3,,, 75, 73,,,,,,,,,,,,
16650,Witbandkruisbek,,,,,,,,,,,,,,,,,,,,,,,,,,,,,,,,,,,,-,-,-,-,-,X,      -,      -,     -,     -,-,-,-,23,-,-,b1,3,-,-, 3, 4, 5,1,1,2,4,-,-,  -,-,1,-,-,3,   31,  32, 91, 88,,,,,,,,,,,,
16990,Haakbek,,,,,,,,,,,,,,,,,,,,,,,,,,,,,,,,,,,,-,-,-,-,-,X,      -,      -,     -,     -,-,-,-,2,-,-,b1b2,5,6,13, 3, 4, 5,1,1,1,3,-,-, 14,-,1,8,-,3,   55,  55,110,107,,,,,,,,,,,,
18470,IJsgors,,,,,,,,,,,,,,,,,,,,,,,,,,,,,,,,,,,,-,-,-,-,-,IX,      -,      -,     -,     -,-,WDo,-,2,-,-,d1,-,-,12, 2, 5, 7,1,1,1,1,-,-,  9,-,1,-,-,3,   25,  26, 95, 89,,,,,,,,,,,,
18500,Sneeuwgors,,,,,,,,,,,,,,,,,,,,,,,,,,,,,,,,,,,,-,-,-,-,-,IX,      -,      -,     -,     -,-,WDo,-,2,-,-,a4,5,7,13, 4, 5, 8,2,2,2,1,-,-, 11,-,1,8,-,1,   34,  31,113,106,,,,,,,,,,,,
18560,Witkopgors,,,,,,,,,,,,,,,,,,,,,,,,,,,,,,,,,,,,-,-,-,-,-,X,      -,      -,     -,     -,-,-,-,-,-,-,b1b2b3,-,-,-,,,,2,2,2,1,-,-,  -,-,-,-,-,-,   30,  27, 94, 88,,,,,,,,,,,,
18710,Geelbrauwgors,,,,,,,,,,,,,,,,,,,,,,,,,,,,,,,,,,,,-,-,-,-,-,X,      -,      -,     -,     -,-,-,-,-,-,-,-,-,-,-, -, -, -,-,-,-,-,-,-,  -,-,-,-,-,-,    -,   -,  -,  -,,,,,,,,,,,,
18730,Bosgors,,,,,,,,,,,,,,,,,,,,,,,,,,,,,,,,,,,,-,-,-,-,-,X,      -,      -,     -,     -,-,-,-,23,-,-,a1d1b3,5,-,12, 4, 5, 6,1,1,1,2,-,-, 14,-,1,-,-,3,   20,  20, 79, 75,,,,,,,,,,,,
18740,Dwerggors,,,,,,,,,,,,,,,,,,,,,,,,,,,,,,,,,,,,-,-,-,-,-,IX,      -,      -,     -,     -,-,-,-,2,-,-,b1b2b3,6,-,11, 4, 5, 7,1,1,2,2,-,-,  7,-,1,-,-,3,   14,  14, 71, 65,,,,,,,,,,,,
18760,Wilgengors,,,,,,,,,,,,,,,,,,,,,,,,,,,,,,,,,,,,-,-,-,-,-,IX,      -,      -,     -,     -,-,-,-,23,-,-,b3d1c1,6,-,13, 4, 5, 6,1,1,1,2,-,-, 14,-,1,-,-,3,   22,  21, 79, 74,,,,,,,,,,,,
 1560,Zwaangans,,,,,,,,,,,,,,,,,,,,,,,,,,,,,,,,,,,,,,,,,,,,,,,,,,,,,,,,,,,,,,,,,,,,,,,,,,,,,,,,,,,,,,
 1574,Toendrarietgans,,,,,,,,,,,,,,,,,,,,,,,,,,,,,,,,,,,,,,,,,,,,,,,,,,,,,,,,,,,,,,,,,,,,,,,,,,,,,,,,,,,,,,
 1770,Carolinaeend,1,,,,,,,,,,,,,,,,,,,,,,,,,,,,,,,,,,,,,,,,,,,,,,,,,,,,,,,,,,,,,,,,,,,,,,,,,,,,,,,,,,,,,
 1861,Soepeend,1,,,,,,,,,,,,,,,,,,,,,,,,,,,,,,,,,,,,,,,,,,,,,,,,,,,,,,,,,,,,,,,,,,,,,,,,,,,,,,,,,,,,,
20010,Soepgans,1,,,,,,,,,,,,,,,,,,,,,,,,,,,,,,,,,,,,,,,,,,,,,,,,,,,,,,,,,,,,,,,,,,,,,,,,,,,,,,,,,,,,,
20030,Stadsduif,1,,,,,,,,,,,,,,,,,,,,,,,,,,,,,,,,,,,,,,,,,,,,,,,,,,,,,,,,,,,,,,,,,,,,,,,,,,,,,,,,,,,,,
20040,Zwarte Zwaan,1,,,,,,,,,,,,,,,,,,,,,,,,,,,,,,,,,,,,,,,,,,,,,,,,,,,,,,,,,,,,,,,,,,,,,,,,,,,,,,,,,,,,,
20080,Lachduif,,,,,,,,,,,,,,,,,,,,,,,,,,,,,,,,,,,,,,,,,,,,,,,,,,,,,,,,,,,,,,,,,,,,,,,,,,,,,,,,,,,,,,
20090,Pauw,,,,,,,,,,,,,,,,,,,,,,,,,,,,,,,,,,,,,,,,,,,,,,,,,,,,,,,,,,,,,,,,,,,,,,,,,,,,,,,,,,,,,,
 1750,Muskuseend,1,,,,,,,,,,,,,,,,,,,,,,,,,,,,,,,,,,,,,,,,,,,,,,,,,,,,,,,,,,,,,,,,,,,,,,,,,,,,,,,,,,,,,
